X1,X2,X3,X4,X5,X6,X7,X8,X9,X10,X11,X12,X13,X14,X15,X16,X17,X18,X19,X20,X21,X22,X23,target_id,run_id
[0.00625184 0.00625184],[0.00143967 0.00143967],[0.00043357 0.00043358],[0.00081098 0.00081098],[0.00021753 0.00021753],[0.00396946 0.00396946],[0.00341357 0.00341358],[0.00736324 0.00736324],[0.00256159 0.00256159],[0.00054216 0.00054216],[0.00167825 0.00167825],[0.00304974 0.00304974],[0.00057528 0.00057528],[0.00540607 0.00540607],[0.00234322 0.00234322],[0.00239286 0.00239286],[0.00176249 0.00176249],[0.00406013 0.00406013],[0.00900652 0.00900652],[0.00022408 0.00022408],[0.0041462 0.0041462],[0.00240431 0.00240431],[0.00193755 0.00193755],0,0
[0.00707282 0.00707282],[0.00052295 0.00052295],[0.00041213 0.00041213],[0.00086146 0.00086146],[0.00014774 0.00014774],[0.00442517 0.00442517],[0.00386228 0.00386228],[0.00702893 0.00702893],[0.00235452 0.00235452],[0.00084931 0.00084931],[0.00177552 0.00177552],[0.00197515 0.00197515],[0.00103783 0.00103784],[0.00575979 0.00575979],[0.00330699 0.00330699],[0.0013402 0.0013402],[0.00119253 0.00119253],[0.00387944 0.00387944],[0.00814884 0.00814884],[0.00155667 0.00155667],[0.00460567 0.00460567],[0.00094833 0.00094833],[0.0025679 0.0025679],0,1
[0.00661701 0.00661701],[0.00149279 0.00149279],[0.00043872 0.00043872],[0.00083193 0.00083193],[0.00024612 0.00024612],[0.00415521 0.00415521],[0.00320558 0.00320558],[0.00730829 0.00730829],[0.00266001 0.00266001],[0.00054943 0.00054943],[0.00182401 0.00182401],[0.00182809 0.00182809],[0.00134621 0.00134621],[0.00557336 0.00557336],[0.00151854 0.00151854],[0.00265472 0.00265472],[0.00207308 0.00207308],[0.00599146 0.00599146],[0.00777535 0.00777535],[0.00141863 0.00141863],[0.00461325 0.00461325],[0.00199685 0.00199685],[0.00158981 0.00158981],0,2
[0.00660953 0.00660953],[0.00221075 0.00221075],[0.00039827 0.00039827],[0.00068312 0.00068312],[0.00017658 0.00017658],[0.00432642 0.00432642],[0.00325897 0.00325897],[0.00706857 0.00706857],[0.00247307 0.00247307],[0.00056828 0.00056828],[0.00183409 0.00183409],[0.00243007 0.00243007],[0.00169913 0.00169913],[0.00577202 0.00577202],[0.00357703 0.00357703],[0.00073779 0.00073779],[0.00171824 0.00171824],[0.00256363 0.00256363],[0.00681763 0.00681763],[0.00150934 0.00150934],[0.00435019 0.00435019],[0.00118118 0.00118118],[0.0021074 0.0021074],0,3
[0.00642677 0.00642677],[0.00212629 0.00212629],[0.00041056 0.00041056],[0.00077598 0.00077598],[0.00024026 0.00024026],[0.00406196 0.00406196],[0.00325358 0.00325358],[0.00740694 0.00740694],[0.00275298 0.00275298],[0.00066452 0.00066452],[0.00181528 0.00181528],[0.00286027 0.00286027],[0.00152586 0.00152586],[0.00580363 0.00580363],[0.00167337 0.00167337],[0.00239855 0.00239855],[0.00251693 0.00251693],[0.00468706 0.00468706],[0.00617455 0.00617455],[0.00164909 0.00164909],[0.00402178 0.00402178],[0.00217555 0.00217555],[0.00123999 0.00123999],0,4
[0.00144522 0.00144522],[0.00228015 0.00228015],[0.00214223 0.00214223],[0.00032449 0.00032449],[0.00015271 0.00015271],[0.00127949 0.00127949],[0.00336787 0.00336787],[0.00438625 0.00438625],[0.00394411 0.00394411],[0.00273635 0.00273635],[0.00142679 0.00142679],[0.00080156 0.00080156],[0.00406191 0.00406191],[0.00923755 0.00923755],[0.00158746 0.00158746],[0.000818 0.000818],[0.00561995 0.00561995],[0.00363712 0.00363712],[0.00255209 0.00255209],[0.0066778 0.0066778],[0.00422953 0.00422953],[0.00200599 0.00200599],[0.00218392 0.00218392],1,0
[0.00272763 0.00272763],[0.00078977 0.00078977],[0.00158861 0.00158861],[0.00047984 0.00047984],[0.00062083 0.00062083],[0.00383615 0.00383615],[0.00371501 0.00371501],[0.00670039 0.00670039],[0.00409239 0.00409239],[0.00366423 0.00366423],[0.00157889 0.00157889],[0.0005959 0.0005959],[0.0019069 0.0019069],[0.0110972 0.0110972],[0.00091699 0.00091699],[0.00120672 0.00120672],[0.00127901 0.00127901],[0.00362221 0.00362221],[0.00235602 0.00235602],[0.00714398 0.00714399],[0.00315333 0.00315333],[0.00411913 0.00411913],[0.0044784 0.0044784],1,1
[0.00170942 0.00170942],[0.00212199 0.00212199],[0.00218721 0.00218721],[0.00035026 0.00035026],[0.00091708 0.00091708],[0.00371525 0.00371525],[0.00361852 0.00361852],[0.00423997 0.00423997],[0.00423026 0.00423026],[0.0025016 0.0025016],[0.00138834 0.00138834],[0.00104745 0.00104745],[0.00407767 0.00407767],[0.00784639 0.00784639],[0.00163071 0.00163071],[0.00118959 0.00118959],[0.00016234 0.00016234],[0.0024435 0.0024435],[0.00107394 0.00107394],[0.00718577 0.00718578],[0.0045454 0.0045454],[0.00309063 0.00309063],[0.00288004 0.00288004],1,2
[0.00395779 0.00395779],[0.00109507 0.00109507],[0.00016871 0.00016871],[3.71093366e-05 3.71092835e-05],[0.0007803 0.0007803],[0.00389569 0.00389569],[0.00361583 0.00361583],[0.00412713 0.00412713],[0.00357767 0.00357768],[0.00160993 0.00160993],[0.00145251 0.00145251],[0.001644 0.001644],[0.00358402 0.00358402],[0.00464339 0.00464339],[0.00217154 0.00217154],[0.00036313 0.00036313],[0.00011563 0.00011563],[0.00053369 0.00053369],[0.00327476 0.00327476],[0.00518124 0.00518124],[0.00363121 0.00363121],[0.00306467 0.00306467],[0.00092844 0.00092844],1,3
[0.00387186 0.00387186],[0.00121121 0.00121121],[0.00013803 0.00013803],[8.79315512e-05 8.79315159e-05],[0.00072327 0.00072327],[0.0038589 0.0038589],[0.00385718 0.00385718],[0.00399555 0.00399555],[0.00361641 0.00361641],[0.0022659 0.0022659],[0.00142732 0.00142732],[0.00188263 0.00188263],[0.00421178 0.00421178],[0.00342941 0.00342941],[0.00187547 0.00187547],[0.00144433 0.00144433],[0.00025495 0.00025495],[0.00021719 0.00021719],[0.00381307 0.00381308],[0.00790386 0.00790386],[0.00312966 0.00312966],[0.0025754 0.0025754],[0.00024672 0.00024671],1,4
[0.00441562 0.00441562],[0.00231171 0.00231171],[0.00213992 0.00213992],[0.00367197 0.00367197],[0.00011619 0.00011619],[0.00617922 0.00617922],[0.00402899 0.00402899],[0.00343804 0.00343804],[0.00367856 0.00367856],[0.00454538 0.00454538],[0.00249765 0.00249765],[0.00560665 0.00560665],[0.02512212 0.02512212],[0.00859263 0.00859263],[0.00886173 0.00886173],[0.00369142 0.00369142],[0.00178498 0.00178498],[0.01297203 0.01297203],[0.00613466 0.00613466],[0.01470917 0.01470917],[0.01282113 0.01282113],[0.01915151 0.01915151],[0.00244618 0.00244618],2,0
[0.0036416 0.0036416],[0.0020267 0.0020267],[0.00218765 0.00218765],[0.00218119 0.00218119],[5.00223411e-05 5.00223161e-05],[0.00645581 0.00645581],[0.00384917 0.00384917],[0.00581837 0.00581837],[0.00354808 0.00354808],[0.00473849 0.00473849],[0.0025698 0.0025698],[0.00596125 0.00596125],[0.02417159 0.02417159],[0.00858133 0.00858133],[0.00873495 0.00873495],[0.00095922 0.00095922],[0.00016271 0.00016271],[0.01297145 0.01297145],[0.00611081 0.00611081],[0.01432861 0.01432861],[0.01471175 0.01471175],[0.01918453 0.01918453],[0.00293191 0.00293191],2,1
[0.00127412 0.00127412],[0.00391145 0.00391145],[0.00229016 0.00229016],[0.00159167 0.00159167],[0.00159729 0.00159729],[0.00606125 0.00606125],[0.00336807 0.00336807],[0.00838399 0.00838399],[0.00277548 0.00277548],[0.00447034 0.00447034],[0.00256436 0.00256436],[0.00690956 0.00690956],[0.01253473 0.01253473],[0.00769213 0.00769213],[0.008587 0.008587],[0.00574284 0.00574284],[0.00516808 0.00516808],[0.02009173 0.02009173],[0.00731925 0.00731925],[0.01029442 0.01029442],[0.01425438 0.01425438],[0.01818114 0.01818114],[0.00554665 0.00554665],2,2
[0.00277823 0.00277823],[0.00234744 0.00234744],[0.00205855 0.00205855],[8.39033554e-05 8.39033266e-05],[0.00143722 0.00143722],[0.00611778 0.00611778],[0.00367008 0.00367008],[0.00392941 0.00392941],[0.00328421 0.00328421],[0.00461656 0.00461656],[0.00263944 0.00263944],[0.00850849 0.00850849],[0.00997147 0.00997147],[0.00590674 0.00590674],[0.00880043 0.00880043],[0.00776529 0.00776529],[0.00259189 0.00259189],[0.01707443 0.01707443],[0.00835672 0.00835672],[0.01273661 0.01273661],[0.01240391 0.01240391],[0.01612806 0.01612806],[0.0053122 0.0053122],2,3
[0.0061079 0.0061079],[0.00200606 0.00200606],[0.00206857 0.00206857],[0.00354176 0.00354176],[0.00189358 0.00189358],[0.00641804 0.00641804],[0.00414015 0.00414015],[0.00378749 0.00378749],[0.00366799 0.00366799],[0.00535492 0.00535492],[0.00237201 0.00237201],[0.00549061 0.00549061],[0.01536776 0.01536776],[0.0075485 0.0075485],[0.00825907 0.00825907],[0.00165555 0.00165555],[0.00291688 0.00291688],[0.00613492 0.00613492],[0.00877055 0.00877055],[0.01331432 0.01331432],[0.01376407 0.01376407],[0.01392502 0.01392502],[0.00300196 0.00300196],2,4
[0.00174466 0.00174466],[0.00051013 0.00051013],[0.00139136 0.00139136],[0.00014738 0.00014738],[0.00292187 0.00292187],[0.00253077 0.00253077],[0.00272466 0.00272466],[0.00585849 0.00585849],[0.00069108 0.00069108],[0.00280776 0.00280776],[0.00308457 0.00308457],[0.01142009 0.01142009],[0.01558506 0.01558506],[0.00521842 0.00521842],[0.01402473 0.01402473],[0.00347252 0.00347252],[0.0010712 0.0010712],[0.01385349 0.01385349],[0.00281418 0.00281418],[0.00130942 0.00130942],[0.00174707 0.00174707],[0.00487138 0.00487138],[0.00034681 0.00034681],3,0
[0.00139616 0.00139616],[0.00073362 0.00073362],[0.00062668 0.00062668],[0.00138512 0.00138512],[0.00311537 0.00311537],[0.00426867 0.00426867],[0.00405766 0.00405766],[0.00621009 0.00621009],[0.0011981 0.0011981],[0.002773 0.002773],[0.00233327 0.00233327],[0.00702332 0.00702332],[0.00184568 0.00184568],[0.0056494 0.0056494],[0.00412859 0.00412859],[0.0052876 0.0052876],[0.00165723 0.00165723],[0.00199589 0.00199589],[0.00681599 0.00681599],[0.00165846 0.00165846],[0.00111209 0.00111209],[0.00668925 0.00668925],[0.00282507 0.00282507],3,1
[0.0016569 0.0016569],[0.00057601 0.00057601],[0.00181726 0.00181726],[0.0014792 0.0014792],[0.00338161 0.00338161],[0.00648883 0.00648883],[0.00315933 0.00315933],[0.00580147 0.00580147],[0.00156099 0.00156099],[0.00592083 0.00592083],[0.00255993 0.00255993],[0.01009736 0.01009736],[0.00232166 0.00232166],[0.00754257 0.00754257],[0.00034665 0.00034665],[0.00410624 0.00410624],[0.00244039 0.00244039],[0.00048801 0.00048801],[0.00763683 0.00763683],[0.00301316 0.00301317],[0.00114013 0.00114013],[0.00802415 0.00802415],[0.00092264 0.00092264],3,2
[0.0082488 0.0082488],[0.00159868 0.00159868],[0.00077779 0.00077779],[0.00141381 0.00141381],[0.00372274 0.00372274],[0.00432984 0.00432984],[0.00294353 0.00294353],[0.00579201 0.00579201],[0.00102722 0.00102722],[0.0056081 0.0056081],[0.00354219 0.00354219],[0.00181557 0.00181557],[0.01191831 0.01191831],[0.01516961 0.01516961],[0.00096795 0.00096795],[0.00044357 0.00044357],[0.00345959 0.00345959],[0.00117452 0.00117452],[0.00537772 0.00537772],[0.00542798 0.00542798],[0.00077608 0.00077608],[0.00756227 0.00756227],[0.00174379 0.00174379],3,3
[0.00377089 0.00377089],[0.00081316 0.00081316],[0.00384425 0.00384425],[0.0003037 0.0003037],[0.00337023 0.00337023],[0.00515793 0.00515793],[0.00321014 0.00321014],[0.00647356 0.00647356],[0.00046818 0.00046818],[0.00268023 0.00268023],[0.00320109 0.00320109],[0.00855154 0.00855154],[0.00023961 0.00023961],[0.00892363 0.00892363],[0.01218272 0.01218272],[0.00479805 0.00479805],[0.00226345 0.00226345],[0.00122605 0.00122605],[0.00616493 0.00616493],[0.00255826 0.00255826],[0.00061528 0.00061528],[0.00710262 0.00710263],[0.00669753 0.00669753],3,4
[0.00643087 0.00643087],[0.004101 0.004101],[0.00408954 0.00408954],[0.00361392 0.00361392],[0.00360981 0.00360981],[0.00440467 0.00440467],[0.0021399 0.0021399],[0.00080117 0.00080117],[0.00636544 0.00636544],[0.00215771 0.00215771],[0.00093816 0.00093816],[0.0045699 0.0045699],[0.04280846 0.04280846],[0.00415374 0.00415374],[0.00777768 0.00777768],[0.04970561 0.04970561],[0.00024296 0.00024296],[0.00096518 0.00096518],[0.00187957 0.00187957],[0.00666774 0.00666774],[0.00445683 0.00445683],[0.00803396 0.00803396],[0.00084864 0.00084864],4,0
[0.00682365 0.00682365],[0.00388909 0.00388909],[0.00340291 0.00340291],[0.00364277 0.00364277],[0.00357235 0.00357235],[0.00432919 0.00432919],[0.00172855 0.00172855],[0.00051704 0.00051704],[0.00621119 0.00621119],[0.00199056 0.00199056],[0.00040404 0.00040404],[0.00273073 0.00273073],[0.04617354 0.04617354],[0.00431414 0.00431414],[0.00793935 0.00793935],[0.04630748 0.04630748],[0.00014891 0.00014891],[0.0016607 0.0016607],[0.00192897 0.00192898],[0.00235246 0.00235246],[0.00362358 0.00362358],[0.01007932 0.01007932],[0.00032141 0.00032141],4,1
[0.00691076 0.00691076],[0.004101 0.004101],[0.00254244 0.00254244],[0.00365059 0.00365059],[0.00352715 0.00352715],[0.00425828 0.00425828],[0.00216407 0.00216407],[0.00114212 0.00114212],[0.00637373 0.00637373],[0.00206255 0.00206255],[0.00093031 0.00093031],[0.00472812 0.00472812],[0.04235536 0.04235537],[0.00440366 0.00440366],[0.00789896 0.00789896],[0.04965613 0.04965613],[0.00061391 0.00061391],[0.00128673 0.00128673],[0.00183818 0.00183818],[0.00681714 0.00681714],[0.00489112 0.00489112],[0.00816158 0.00816158],[0.00094081 0.00094081],4,2
[0.00723436 0.00723436],[0.00387434 0.00387434],[0.00339026 0.00339026],[0.00361518 0.00361518],[0.00403717 0.00403717],[0.00417981 0.00417981],[0.00167283 0.00167283],[0.00052292 0.00052292],[0.00611347 0.00611347],[0.00194709 0.00194709],[0.00041736 0.00041736],[0.00289768 0.00289768],[0.0462719 0.0462719],[0.00434392 0.00434392],[0.00833054 0.00833054],[0.04631535 0.04631535],[8.76297058e-05 8.76295755e-05],[0.00165683 0.00165683],[0.00189884 0.00189884],[0.00217613 0.00217613],[0.00369083 0.00369083],[0.00984914 0.00984914],[0.00073648 0.00073648],4,3
[0.00711068 0.00711068],[0.00387266 0.00387266],[0.00367927 0.00367927],[0.00361256 0.00361256],[0.0040408 0.0040408],[0.00420681 0.00420681],[0.00162895 0.00162895],[0.0005201 0.0005201],[0.00612857 0.00612857],[0.00198696 0.00198696],[0.0003771 0.0003771],[0.00291759 0.00291759],[0.04625898 0.04625898],[0.00425632 0.00425632],[0.00819876 0.00819876],[0.04628442 0.04628442],[8.86228794e-05 8.86227477e-05],[0.00184773 0.00184773],[0.00187405 0.00187405],[0.00223044 0.00223044],[0.00321184 0.00321184],[0.00981995 0.00981995],[0.00063053 0.00063053],4,4
[0.01232125 0.01232125],[0.00151922 0.00151922],[0.00043014 0.00043014],[0.00108507 0.00108507],[0.00564045 0.00564045],[0.00651485 0.00651485],[0.00333242 0.00333242],[0.00236378 0.00236378],[0.00076859 0.00076859],[0.00736372 0.00736372],[0.00450193 0.00450193],[0.023662 0.023662],[0.02246729 0.02246728],[0.00524789 0.00524789],[0.02007169 0.02007169],[0.00660779 0.00660779],[0.00174647 0.00174647],[0.00106792 0.00106792],[0.00908721 0.00908721],[0.00279498 0.00279498],[0.00471363 0.00471363],[0.00144808 0.00144808],[0.00370719 0.00370719],5,0
[0.01274085 0.01274085],[0.00287906 0.00287906],[0.00010763 0.00010763],[0.00144395 0.00144395],[0.00754023 0.00754023],[0.00230686 0.00230686],[0.00260674 0.00260674],[0.00288774 0.00288774],[0.00137415 0.00137415],[0.00768574 0.00768574],[0.00621871 0.00621871],[0.03304251 0.03304251],[0.02576132 0.02576132],[0.01115972 0.01115972],[0.02163 0.02163],[0.00471553 0.00471553],[0.00155845 0.00155845],[0.00167556 0.00167556],[0.01361426 0.01361426],[0.00311909 0.00311909],[0.00311956 0.00311956],[0.00195516 0.00195516],[0.00599506 0.00599506],5,1
[0.01634841 0.01634841],[0.00368042 0.00368042],[2.24192804e-05 2.24192508e-05],[0.00098249 0.00098249],[0.0080817 0.0080817],[0.00688491 0.00688491],[0.00619211 0.00619211],[0.00261262 0.00261262],[0.00158939 0.00158939],[0.00732733 0.00732733],[0.00290492 0.00290492],[0.03275872 0.03275872],[0.0259197 0.0259197],[0.00738819 0.00738819],[0.0193233 0.0193233],[0.00434352 0.00434352],[0.0036049 0.0036049],[0.00221584 0.00221584],[0.00964253 0.00964253],[0.00023432 0.00023432],[0.01199965 0.01199965],[0.00119373 0.00119373],[0.00628514 0.00628514],5,2
[0.01154514 0.01154514],[0.00276839 0.00276839],[0.0005237 0.0005237],[0.00144316 0.00144316],[0.00862999 0.00862999],[0.00439398 0.00439398],[0.00211948 0.00211948],[0.00229718 0.00229718],[0.00196538 0.00196538],[0.00729689 0.00729689],[0.00405535 0.00405535],[0.02511987 0.02511987],[0.01921289 0.01921289],[0.01009248 0.01009248],[0.01211446 0.01211447],[0.00555182 0.00555182],[0.00467948 0.00467948],[0.00240287 0.00240287],[0.01316199 0.01316199],[0.00076714 0.00076714],[0.00406469 0.00406469],[0.0002585 0.0002585],[0.00701878 0.00701878],5,3
[0.00687204 0.00687204],[0.00296422 0.00296422],[8.53755605e-06 8.53757620e-06],[0.00111503 0.00111503],[0.00573243 0.00573243],[0.00274789 0.00274789],[0.00133496 0.00133496],[0.00211753 0.00211753],[0.00102599 0.00102599],[0.00662225 0.00662225],[0.00336288 0.00336289],[0.03053056 0.03053056],[0.01562393 0.01562393],[0.00911091 0.00911091],[0.01827284 0.01827284],[0.00780554 0.00780554],[0.00230296 0.00230296],[0.00102245 0.00102245],[0.01131599 0.01131599],[0.00192763 0.00192763],[0.01100133 0.01100133],[0.00048432 0.00048432],[0.00399817 0.00399816],5,4
[0.0023945 0.0023945],[0.00077452 0.00077452],[0.00013171 0.00013171],[0.00264551 0.00264551],[0.00401522 0.00401522],[0.00493549 0.00493549],[0.0036621 0.0036621],[0.00501159 0.00501159],[0.00054388 0.00054388],[0.00344649 0.00344649],[0.00226571 0.00226571],[0.0093084 0.0093084],[0.00130472 0.00130472],[0.0048285 0.0048285],[0.00143921 0.00143921],[0.00908591 0.00908591],[0.00322548 0.00322548],[0.00145653 0.00145652],[0.00578663 0.00578663],[0.00417371 0.00417371],[0.00092422 0.00092422],[0.00514118 0.00514118],[0.00195415 0.00195415],6,0
[0.00217111 0.00217111],[0.0008079 0.0008079],[2.03271340e-05 2.03271727e-05],[0.00130805 0.00130805],[0.00380587 0.00380587],[0.00436076 0.00436077],[0.00248915 0.00248915],[0.00514254 0.00514254],[0.00120665 0.00120665],[0.00408915 0.00408916],[0.00242008 0.00242008],[0.00418396 0.00418396],[0.00087237 0.00087237],[0.00451392 0.00451392],[0.00478465 0.00478465],[0.00488256 0.00488256],[4.80321440e-05 4.80325528e-05],[0.00157435 0.00157435],[0.00141648 0.00141648],[0.00530961 0.00530961],[0.00012539 0.00012539],[0.0090515 0.0090515],[0.0023926 0.0023926],6,1
[0.00028132 0.00028132],[0.00019131 0.00019131],[0.00082115 0.00082115],[0.00158943 0.00158943],[0.0042644 0.0042644],[0.00470275 0.00470275],[0.00295487 0.00295487],[0.00452988 0.00452988],[0.00239966 0.00239966],[0.00370903 0.00370903],[0.0034338 0.0034338],[0.00511151 0.00511151],[0.00396503 0.00396503],[0.00081389 0.00081389],[0.01161298 0.01161298],[0.00115998 0.00115998],[0.00943693 0.00943693],[0.00094142 0.00094142],[0.00045964 0.00045964],[0.00010441 0.00010441],[0.00024116 0.00024116],[0.00503888 0.00503888],[0.00416902 0.00416902],6,2
[0.00328813 0.00328813],[0.00118744 0.00118744],[0.00023807 0.00023807],[0.00128313 0.00128313],[0.0034298 0.0034298],[0.00459316 0.00459316],[0.0025061 0.0025061],[0.00545221 0.00545222],[0.001361 0.001361],[0.00351031 0.00351031],[0.00206607 0.00206607],[0.00365207 0.00365207],[0.00056171 0.00056171],[0.00051222 0.00051222],[0.00060758 0.00060758],[0.00383275 0.00383275],[0.00273163 0.00273163],[0.0024013 0.0024013],[0.00020242 0.00020242],[0.00272756 0.00272756],[0.00025441 0.00025441],[0.00764822 0.00764822],[0.0016383 0.0016383],6,3
[0.00165229 0.00165229],[0.00055418 0.00055418],[6.89838134e-05 6.89837950e-05],[0.00297631 0.00297631],[0.00391561 0.00391561],[0.00401813 0.00401813],[0.00287665 0.00287665],[0.00490315 0.00490315],[0.00103737 0.00103737],[0.00370439 0.00370439],[0.00261964 0.00261964],[0.00847582 0.00847582],[0.00056806 0.00056806],[0.00450678 0.00450678],[0.00106467 0.00106467],[0.0060899 0.0060899],[0.00414192 0.00414192],[0.00486021 0.00486021],[0.00617063 0.00617063],[0.00202968 0.00202968],[0.00143128 0.00143128],[0.0065381 0.0065381],[0.00105932 0.00105932],6,4
[0.00213985 0.00213985],[0.00247365 0.00247365],[0.0015478 0.0015478],[0.00163699 0.00163699],[0.00013925 0.00013925],[0.00621717 0.00621717],[0.00493549 0.00493549],[0.00189107 0.00189107],[0.00191203 0.00191203],[0.00277396 0.00277396],[0.00023328 0.00023328],[0.0061446 0.0061446],[0.00456243 0.00456243],[0.00792207 0.00792206],[0.00091868 0.00091868],[0.00421252 0.00421252],[0.00091091 0.00091091],[0.00784508 0.00784508],[0.00345912 0.00345912],[0.00014506 0.00014506],[0.00024592 0.00024592],[0.00088997 0.00088997],[0.01067482 0.01067482],7,0
[0.00460952 0.00460952],[0.0012733 0.0012733],[0.00156153 0.00156153],[0.00019111 0.00019111],[0.00132675 0.00132675],[0.00635498 0.00635498],[0.00488831 0.00488831],[0.00274694 0.00274694],[0.00195064 0.00195064],[0.00308368 0.00308368],[0.00040919 0.00040919],[0.00197513 0.00197513],[0.00216479 0.00216479],[0.00508253 0.00508253],[0.00169677 0.00169677],[0.00341268 0.00341268],[0.00072676 0.00072676],[0.00737355 0.00737355],[0.00343342 0.00343342],[6.26582617e-05 6.26577033e-05],[0.0010445 0.0010445],[0.00154884 0.00154884],[0.00077015 0.00077015],7,1
[0.00445577 0.00445577],[0.00127734 0.00127734],[0.0015445 0.0015445],[0.00018203 0.00018203],[0.00134873 0.00134873],[0.00664741 0.00664741],[0.00497245 0.00497245],[0.00224129 0.00224129],[0.00192012 0.00192012],[0.00297504 0.00297504],[0.00040908 0.00040908],[0.00088792 0.00088791],[0.00099655 0.00099655],[0.00619269 0.00619269],[0.00153829 0.00153829],[0.00477215 0.00477215],[0.00025402 0.00025402],[0.00884315 0.00884315],[0.00375229 0.00375229],[0.00023622 0.00023621],[0.00147961 0.00147961],[0.00119251 0.00119251],[0.00124039 0.00124039],7,2
[0.00384095 0.00384095],[0.00131609 0.00131609],[0.00153319 0.00153319],[0.0003249 0.0003249],[0.00125818 0.00125818],[0.00650802 0.00650803],[0.00501555 0.00501555],[0.00194638 0.00194638],[0.00191318 0.00191318],[0.00315075 0.00315075],[0.00039944 0.00039944],[0.00182156 0.00182156],[0.00326862 0.00326862],[0.00537027 0.00537027],[0.0019096 0.0019096],[0.00228855 0.00228855],[0.00080593 0.00080593],[0.0090189 0.0090189],[0.00365379 0.00365379],[0.00012148 0.00012148],[0.0011074 0.0011074],[0.00129464 0.00129464],[0.00132101 0.00132101],7,3
[0.00415245 0.00415245],[0.00132077 0.00132077],[0.00177966 0.00177966],[0.00035474 0.00035474],[0.00134454 0.00134454],[0.00628498 0.00628498],[0.0049777 0.0049777],[0.00263452 0.00263452],[0.00179958 0.00179958],[0.00325465 0.00325465],[0.00037282 0.00037282],[0.00226189 0.00226189],[0.00223832 0.00223832],[0.00476353 0.00476353],[0.00176326 0.00176326],[0.00265882 0.00265882],[0.00065208 0.00065208],[0.00711515 0.00711515],[0.00351635 0.00351635],[1.62298950e-05 1.62294118e-05],[0.0011497 0.0011497],[0.00192222 0.00192222],[0.00084604 0.00084604],7,4
[0.00295714 0.00295714],[0.00061092 0.00061092],[0.00236637 0.00236637],[0.00311322 0.00311322],[0.00706911 0.00706911],[0.00460767 0.00460767],[0.02696532 0.02696532],[0.00321768 0.00321768],[0.00115484 0.00115484],[0.0020567 0.0020567],[0.00585737 0.00585737],[0.00820376 0.00820376],[0.02450981 0.02450981],[0.00259489 0.00259489],[0.00333242 0.00333242],[0.00398291 0.00398291],[0.00962821 0.00962821],[0.01710456 0.01710456],[0.00780057 0.00780057],[0.01609938 0.01609938],[0.00574494 0.00574494],[0.00282754 0.00282754],[0.00825298 0.00825298],8,0
[0.00354714 0.00354714],[0.001581 0.001581],[0.00026426 0.00026426],[0.0011894 0.0011894],[0.00638103 0.00638103],[0.00739517 0.00739517],[0.02860843 0.02860843],[0.00647099 0.00647099],[0.0014565 0.0014565],[0.00168043 0.00168043],[0.00628304 0.00628304],[0.02570493 0.02570493],[0.00686338 0.00686338],[0.00394465 0.00394465],[0.0028535 0.0028535],[0.00900002 0.00900002],[0.00853618 0.00853618],[0.00883762 0.00883762],[0.01025681 0.01025681],[0.01695946 0.01695946],[0.00838201 0.00838201],[0.00177622 0.00177622],[0.00073726 0.00073725],8,1
[0.00068753 0.00068753],[0.00090008 0.00090008],[0.00291188 0.00291188],[0.00044184 0.00044184],[0.00426858 0.00426858],[0.00769525 0.00769525],[0.02510415 0.02510415],[0.00742765 0.00742765],[0.00037443 0.00037443],[0.00233504 0.00233504],[0.00642639 0.00642639],[0.02053889 0.02053889],[0.0087506 0.0087506],[0.00400878 0.00400878],[0.00704394 0.00704394],[0.00153785 0.00153785],[0.00485806 0.00485806],[0.02843301 0.02843301],[0.0181096 0.0181096],[0.01986615 0.01986615],[0.00754952 0.00754952],[0.00023886 0.00023886],[0.00251347 0.00251347],8,2
[0.00750034 0.00750034],[0.0006784 0.0006784],[0.00246813 0.00246813],[0.00301599 0.00301599],[0.00496737 0.00496737],[0.00184322 0.00184322],[0.03790155 0.03790155],[0.0022767 0.0022767],[0.00099117 0.00099117],[8.51550816e-05 8.51550845e-05],[0.00728625 0.00728625],[0.01179307 0.01179307],[0.02961934 0.02961934],[0.00293372 0.00293372],[0.01626308 0.01626308],[0.00421528 0.00421528],[0.00373996 0.00373996],[0.02016704 0.02016704],[0.01475018 0.01475018],[0.02457548 0.02457548],[0.00958801 0.00958801],[0.00317693 0.00317693],[0.00667733 0.00667733],8,3
[7.24974529e-05 7.24975331e-05],[0.00192742 0.00192742],[0.00188067 0.00188067],[0.00085044 0.00085044],[0.00666408 0.00666408],[0.00723234 0.00723234],[0.03867188 0.03867188],[0.00495413 0.00495413],[0.00138531 0.00138531],[0.00369611 0.00369611],[0.00616589 0.00616589],[0.02439871 0.02439872],[0.00270042 0.00270042],[0.00400177 0.00400177],[7.29383948e-06 7.29330700e-06],[0.00441376 0.00441376],[0.01089028 0.01089028],[0.01410169 0.01410169],[0.00799649 0.00799649],[0.02470609 0.02470609],[0.01129824 0.01129824],[0.00036288 0.00036288],[0.00840517 0.00840517],8,4
[0.03145962 0.03145962],[0.00222502 0.00222502],[0.00028076 0.00028076],[0.00124288 0.00124288],[0.00133586 0.00133586],[0.00380118 0.00380118],[0.00686208 0.00686208],[0.00206787 0.00206787],[0.01944247 0.01944247],[0.00407292 0.00407292],[0.00373291 0.00373291],[0.00110262 0.00110262],[0.0068994 0.0068994],[0.00995455 0.00995455],[0.00573577 0.00573577],[0.00256818 0.00256818],[0.00308582 0.00308582],[0.00477221 0.00477221],[0.0062897 0.0062897],[0.00378109 0.00378109],[0.00102783 0.00102783],[0.00211111 0.00211111],[0.00079499 0.00079499],9,0
[0.04008011 0.04008011],[0.00180811 0.00180811],[0.00189041 0.00189041],[0.00143561 0.00143561],[0.00236349 0.00236349],[0.00348535 0.00348535],[0.00659751 0.00659751],[0.00064872 0.00064872],[0.01702298 0.01702298],[0.00332121 0.00332121],[0.00352865 0.00352865],[0.00392356 0.00392356],[0.0044659 0.0044659],[0.00786474 0.00786474],[0.00754136 0.00754136],[0.00135382 0.00135382],[0.00067325 0.00067325],[0.00443677 0.00443677],[0.00207784 0.00207784],[0.01453218 0.01453218],[0.00180181 0.00180181],[0.00141512 0.00141512],[0.00139605 0.00139605],9,1
[0.03726779 0.03726779],[0.00162225 0.00162225],[0.00024067 0.00024067],[0.00157479 0.00157479],[0.00214852 0.00214852],[0.00344492 0.00344492],[0.00681348 0.00681348],[0.00136632 0.00136632],[0.01469716 0.01469716],[0.00378336 0.00378336],[0.00381054 0.00381054],[0.00216531 0.00216531],[0.00418913 0.00418913],[0.00697288 0.00697288],[0.00891458 0.00891458],[0.00105533 0.00105533],[0.00188196 0.00188196],[0.00439846 0.00439846],[0.00618094 0.00618094],[0.01601289 0.01601289],[0.00273607 0.00273607],[0.00148393 0.00148393],[0.00142302 0.00142302],9,2
[0.03511308 0.03511308],[0.00163803 0.00163803],[0.00023105 0.00023105],[0.00146569 0.00146569],[0.00191349 0.00191349],[0.0041169 0.0041169],[0.00662231 0.00662231],[0.00190242 0.00190242],[0.01352905 0.01352905],[0.00392784 0.00392784],[0.00412385 0.00412385],[0.00427504 0.00427504],[0.00487281 0.00487281],[0.00677962 0.00677962],[0.00877117 0.00877117],[0.00043676 0.00043677],[0.00158758 0.00158758],[0.00481264 0.00481264],[0.00455609 0.00455609],[0.0128721 0.0128721],[0.00278082 0.00278082],[0.0015658 0.0015658],[0.00144229 0.00144229],9,3
[0.02819584 0.02819585],[0.00166943 0.00166943],[0.00020969 0.00020969],[0.00224264 0.00224264],[0.00129886 0.00129886],[0.00408011 0.00408011],[0.007129 0.007129],[0.00240442 0.00240442],[0.0173104 0.0173104],[0.00369281 0.00369281],[0.00363755 0.00363755],[0.00135496 0.00135496],[0.00433127 0.00433127],[0.01229611 0.01229611],[0.00878918 0.00878918],[0.00091522 0.00091522],[0.00160162 0.00160162],[0.00507312 0.00507312],[0.00698027 0.00698027],[0.00447662 0.00447662],[0.00102844 0.00102844],[0.00197357 0.00197357],[0.00246667 0.00246667],9,4
[0.00799283 0.00799283],[0.00189652 0.00189652],[0.00633486 0.00633486],[0.00095424 0.00095424],[0.00280813 0.00280813],[0.009128 0.009128],[0.0105374 0.0105374],[0.00416851 0.00416851],[0.00850969 0.00850969],[0.00506764 0.00506764],[0.00683842 0.00683842],[0.02632785 0.02632785],[0.00913314 0.00913314],[0.00063757 0.00063757],[0.01566578 0.01566578],[0.00096264 0.00096264],[0.00183811 0.00183811],[0.01005204 0.01005204],[0.01490284 0.01490284],[0.01537767 0.01537767],[0.00158136 0.00158136],[0.00573628 0.00573627],[0.00690759 0.00690759],10,0
[0.00569553 0.00569553],[0.00040625 0.00040625],[0.0019845 0.0019845],[0.00032043 0.00032043],[0.00272212 0.00272212],[0.00648669 0.00648669],[0.01074246 0.01074246],[0.00473883 0.00473883],[0.00368503 0.00368503],[0.00265519 0.00265519],[0.00400241 0.00400241],[0.02322311 0.02322311],[0.00387823 0.00387823],[0.01021024 0.01021024],[0.01240629 0.01240629],[0.0004539 0.0004539],[0.00645203 0.00645203],[0.01779979 0.01779979],[0.00296116 0.00296116],[0.00131108 0.00131108],[0.00640398 0.00640398],[0.00512158 0.00512158],[0.01075001 0.01075001],10,1
[0.00657398 0.00657398],[0.00114377 0.00114377],[0.00332946 0.00332946],[0.00160334 0.00160334],[0.00953305 0.00953305],[0.00577762 0.00577762],[0.01116446 0.01116446],[0.00169268 0.00169268],[0.00427989 0.00427989],[0.00067347 0.00067347],[0.00212212 0.00212212],[0.02412699 0.024127  ],[0.00049467 0.00049467],[0.02084488 0.02084488],[0.01304262 0.01304262],[0.00211985 0.00211985],[0.01032351 0.01032351],[0.03462561 0.03462561],[0.03380746 0.03380747],[0.01504576 0.01504576],[0.0065354 0.0065354],[0.0011946 0.0011946],[0.01445469 0.01445469],10,2
[0.00395478 0.00395478],[0.00130237 0.00130237],[0.00167151 0.00167151],[0.00040946 0.00040946],[0.00365538 0.00365538],[0.00440628 0.00440628],[0.00613024 0.00613024],[0.00188458 0.00188458],[0.00637278 0.00637278],[0.00048029 0.00048029],[0.00489188 0.00489188],[0.01301856 0.01301856],[0.01365565 0.01365565],[0.00799334 0.00799334],[0.00578737 0.00578737],[0.00223182 0.00223182],[0.00818932 0.00818932],[0.03072828 0.03072828],[0.01300313 0.01300313],[0.02024769 0.0202477 ],[0.00350876 0.00350876],[0.00374671 0.00374671],[0.01502339 0.01502339],10,3
[0.00648875 0.00648875],[0.00212878 0.00212878],[0.00468649 0.00468649],[0.00042195 0.00042195],[0.00698118 0.00698118],[0.00889895 0.00889895],[0.01104065 0.01104065],[0.00322226 0.00322226],[0.01463015 0.01463015],[0.0028114 0.0028114],[0.00703301 0.00703301],[0.02752684 0.02752684],[0.01204539 0.01204539],[0.00677294 0.00677295],[0.01402509 0.01402509],[0.00727119 0.0072712 ],[0.00289133 0.00289133],[0.02453394 0.02453394],[0.01357153 0.01357153],[0.01548438 0.01548438],[0.01079824 0.01079824],[0.00089361 0.00089361],[0.0023183 0.0023183],10,4
[0.01236506 0.01236506],[0.00523942 0.00523942],[0.00191115 0.00191115],[0.00585699 0.00585699],[0.00109342 0.00109342],[0.01073784 0.01073784],[0.00456133 0.00456133],[0.00506954 0.00506954],[0.00168423 0.00168423],[0.00643416 0.00643416],[2.45128525e-06 2.45170007e-06],[0.063757 0.063757],[0.00417356 0.00417356],[0.00361151 0.00361151],[0.01364367 0.01364367],[0.0232241 0.0232241],[0.02300264 0.02300264],[0.024493 0.024493],[0.03316113 0.03316113],[0.00580712 0.00580712],[0.00687152 0.00687152],[0.00456959 0.00456959],[0.01026634 0.01026634],11,0
[0.01345494 0.01345494],[0.00490996 0.00490996],[0.00102347 0.00102347],[0.00845726 0.00845726],[0.00273941 0.00273941],[0.0083098 0.0083098],[0.00415815 0.00415815],[0.00865738 0.00865738],[0.00212861 0.00212861],[0.00802308 0.00802308],[0.00102072 0.00102072],[0.0333513 0.0333513],[0.01518563 0.01518563],[0.01230038 0.01230038],[0.00902569 0.00902569],[0.01010996 0.01010996],[0.01162632 0.01162632],[0.02623836 0.02623836],[0.0225367 0.0225367],[0.00397417 0.00397417],[0.00954404 0.00954404],[0.00045369 0.00045369],[0.01297513 0.01297513],11,1
[0.00992119 0.00992119],[0.00185743 0.00185743],[0.00091835 0.00091835],[0.00351028 0.00351028],[3.44784185e-05 3.44783315e-05],[0.00700574 0.00700574],[0.00261298 0.00261298],[0.0015056 0.0015056],[0.00182795 0.00182795],[0.00707804 0.00707804],[0.00205347 0.00205347],[0.01687246 0.01687246],[0.00521348 0.00521348],[0.01357676 0.01357676],[0.00443702 0.00443702],[0.00261711 0.00261711],[0.0063458 0.0063458],[0.02111544 0.02111544],[0.02411101 0.02411101],[0.00271583 0.00271583],[0.00540878 0.00540878],[0.00350461 0.00350461],[0.00857077 0.00857077],11,2
[0.01089663 0.01089663],[0.00183546 0.00183546],[0.00159207 0.00159207],[0.00315088 0.00315088],[0.00110178 0.00110178],[0.00843745 0.00843744],[0.003215 0.003215],[0.00243102 0.00243102],[0.00256751 0.00256751],[0.00646916 0.00646916],[0.00020342 0.00020342],[0.01527426 0.01527426],[0.00226131 0.00226131],[0.01770252 0.01770252],[0.01008354 0.01008354],[0.00207794 0.00207794],[0.00447654 0.00447654],[0.02729392 0.02729392],[0.02157133 0.02157133],[0.00510422 0.00510422],[0.00640765 0.00640765],[0.00306386 0.00306386],[0.01411416 0.01411416],11,3
[0.01054588 0.01054588],[0.00229585 0.00229585],[0.00131645 0.00131645],[0.00369301 0.00369301],[0.00045602 0.00045602],[0.01585235 0.01585235],[0.00337792 0.00337792],[0.00292661 0.00292661],[0.00431096 0.00431096],[0.00635439 0.00635439],[0.00245688 0.00245688],[0.01185079 0.01185079],[0.00809056 0.00809056],[0.01050305 0.01050305],[0.00153225 0.00153225],[0.0040736 0.0040736],[0.0096787 0.0096787],[0.01123124 0.01123124],[0.01904722 0.01904722],[0.00101806 0.00101806],[0.00678489 0.00678489],[0.00301022 0.00301022],[0.01216668 0.01216668],11,4
[0.0083183 0.0083183],[0.00012588 0.00012588],[0.00052045 0.00052045],[0.00215637 0.00215637],[0.00097591 0.00097591],[0.00373756 0.00373756],[0.00608829 0.00608829],[0.00204519 0.00204519],[8.33789334e-05 8.33790604e-05],[0.00322471 0.00322471],[0.00255271 0.00255271],[0.00607705 0.00607705],[0.00894943 0.00894943],[0.01470201 0.01470201],[0.00801683 0.00801683],[0.00467104 0.00467104],[0.00164623 0.00164623],[0.00810961 0.00810961],[0.0123771 0.0123771],[0.00206271 0.00206271],[0.0027691 0.0027691],[0.00255676 0.00255677],[0.00308746 0.00308746],12,0
[0.00839191 0.00839191],[0.0002743 0.0002743],[0.00058592 0.00058592],[0.00210127 0.00210127],[0.00030931 0.00030931],[0.00401371 0.00401371],[0.00627372 0.00627372],[0.00212483 0.00212483],[0.00026332 0.00026332],[0.00312542 0.00312542],[0.00216549 0.00216549],[0.01533112 0.01533112],[0.00031247 0.00031247],[0.01418356 0.01418356],[0.00427623 0.00427623],[0.00387066 0.00387066],[0.00108932 0.00108932],[0.00602915 0.00602915],[0.01379568 0.01379568],[0.00145593 0.00145593],[0.00209938 0.00209938],[0.00088954 0.00088954],[0.00118641 0.00118641],12,1
[0.00791741 0.00791741],[0.00028216 0.00028216],[0.00113517 0.00113517],[0.00062518 0.00062518],[0.00127955 0.00127955],[0.00362563 0.00362563],[0.00520569 0.00520569],[0.00164387 0.00164387],[0.00108075 0.00108075],[0.00359425 0.00359425],[0.00173202 0.00173202],[0.00788312 0.00788312],[0.01091493 0.01091493],[0.01635144 0.01635144],[0.00786628 0.00786628],[0.0017282 0.0017282],[0.00182781 0.00182781],[0.0148373 0.0148373],[0.02932104 0.02932104],[0.00227923 0.00227923],[0.00303922 0.00303922],[0.00282509 0.00282509],[0.00167115 0.00167115],12,2
[0.00827909 0.00827909],[0.00022468 0.00022468],[0.00025956 0.00025956],[0.00067692 0.00067692],[0.00187665 0.00187665],[0.0045888 0.0045888],[0.0065727 0.0065727],[0.00249289 0.00249289],[0.00248384 0.00248384],[0.0029169 0.0029169],[0.00215626 0.00215626],[0.00823108 0.00823108],[0.01013176 0.01013176],[0.01411108 0.01411108],[0.00677455 0.00677455],[0.00147857 0.00147857],[0.00021801 0.00021801],[0.01647198 0.01647199],[0.01626299 0.01626299],[0.00275687 0.00275687],[0.00879948 0.00879948],[0.00145865 0.00145865],[0.00239616 0.00239616],12,3
[0.00508278 0.00508278],[0.00068176 0.00068176],[0.00236344 0.00236344],[0.00115484 0.00115484],[0.00083676 0.00083676],[0.00396983 0.00396983],[0.00714825 0.00714825],[0.00137681 0.00137681],[0.00126059 0.00126059],[0.00339288 0.00339288],[0.00268362 0.00268362],[0.0021579 0.0021579],[0.00681031 0.00681031],[0.01352099 0.01352099],[0.00710208 0.00710208],[6.12605731e-05 6.12607492e-05],[0.00282242 0.00282242],[0.01515105 0.01515105],[0.02123047 0.02123047],[0.00019432 0.00019432],[0.00014394 0.00014394],[0.00352316 0.00352316],[0.00393282 0.00393282],12,4
[0.00689652 0.00689652],[0.0012648 0.0012648],[0.00038282 0.00038282],[0.00203567 0.00203567],[0.00293402 0.00293402],[0.00401613 0.00401613],[0.00344197 0.00344197],[0.00611443 0.00611443],[0.0005446 0.0005446],[0.00197905 0.00197905],[0.01055593 0.01055593],[0.00886846 0.00886846],[0.03684656 0.03684656],[0.00663525 0.00663525],[0.00127392 0.00127392],[0.0030426 0.0030426],[0.01160452 0.01160452],[0.00534285 0.00534285],[0.00972029 0.00972029],[0.0017137 0.0017137],[0.0035046 0.0035046],[0.00377723 0.00377723],[0.00236084 0.00236084],13,0
[0.0052631 0.0052631],[0.00149934 0.00149934],[0.00585444 0.00585444],[0.00033049 0.00033049],[0.00193158 0.00193158],[0.00273331 0.00273331],[0.00168015 0.00168015],[0.00714777 0.00714777],[0.00220005 0.00220005],[0.00399741 0.00399741],[0.00956967 0.00956967],[0.00809797 0.00809798],[0.00666006 0.00666006],[0.0099047 0.0099047],[0.01589498 0.01589498],[0.00176494 0.00176494],[0.01037037 0.01037037],[0.00438332 0.00438332],[0.00805275 0.00805275],[0.00400141 0.00400141],[0.00204666 0.00204666],[0.00076239 0.00076239],[0.00040647 0.00040647],13,1
[0.00527587 0.00527587],[0.00164154 0.00164154],[0.00159054 0.00159054],[0.00364214 0.00364214],[0.00312286 0.00312286],[0.00254257 0.00254257],[0.00243367 0.00243367],[0.00549903 0.00549903],[0.00108425 0.00108425],[0.00301478 0.00301478],[0.01423097 0.01423097],[0.00488179 0.00488179],[0.01235231 0.01235231],[0.00422118 0.00422118],[0.0097617 0.0097617],[0.00384682 0.00384682],[0.00137295 0.00137295],[0.00143237 0.00143237],[0.00318519 0.00318519],[0.00299323 0.00299323],[0.00206703 0.00206703],[0.00140964 0.00140964],[8.88130171e-05 8.88128797e-05],13,2
[0.00693642 0.00693642],[0.00191691 0.00191691],[0.00147265 0.00147265],[0.00084131 0.00084131],[0.001895 0.001895],[0.00321552 0.00321552],[0.00411053 0.00411053],[0.00912182 0.00912182],[0.00069119 0.00069119],[0.00471003 0.00471003],[0.01369965 0.01369965],[0.00602324 0.00602324],[0.00703893 0.00703893],[0.00218029 0.00218029],[0.00081847 0.00081847],[0.00925756 0.00925756],[0.00992522 0.00992522],[0.00728684 0.00728684],[0.00481966 0.00481966],[0.00731731 0.00731731],[0.00394691 0.00394691],[0.00677448 0.00677448],[0.00093666 0.00093666],13,3
[0.00599179 0.00599179],[0.00192739 0.00192739],[0.00281639 0.00281639],[0.0022116 0.0022116],[0.00175624 0.00175624],[0.00192424 0.00192424],[0.00520695 0.00520695],[0.00555526 0.00555526],[0.00161176 0.00161176],[0.00152875 0.00152875],[0.01292032 0.01292032],[0.01321561 0.01321561],[0.02021583 0.02021583],[0.01036483 0.01036483],[0.00858734 0.00858734],[0.00297753 0.00297753],[0.00516122 0.00516122],[0.00579724 0.00579724],[0.00765485 0.00765485],[0.00714799 0.00714799],[0.0004153 0.0004153],[0.0013064 0.0013064],[0.00171399 0.00171399],13,4
[0.04122821 0.04122821],[0.00261855 0.00261855],[0.0019129 0.0019129],[0.00147846 0.00147846],[0.00055185 0.00055185],[0.00393251 0.00393251],[0.00535254 0.00535254],[0.00177366 0.00177366],[0.02081706 0.02081706],[0.00268177 0.00268177],[0.00304886 0.00304887],[0.00028403 0.00028403],[0.00876475 0.00876475],[0.01672943 0.01672943],[0.01284339 0.01284339],[0.0018986 0.0018986],[0.00707091 0.00707091],[0.00105368 0.00105368],[0.0013387  0.00133871],[0.00177443 0.00177443],[0.00418897 0.00418897],[0.00176927 0.00176927],[0.00383671 0.00383671],14,0
[0.04446495 0.04446496],[0.00298203 0.00298203],[0.00094577 0.00094577],[0.00091813 0.00091813],[0.00075696 0.00075696],[0.00400315 0.00400315],[0.00515322 0.00515322],[0.00096834 0.00096834],[0.0177732 0.0177732],[0.00360559 0.00360559],[0.00286545 0.00286545],[0.00194709 0.00194709],[0.00743965 0.00743966],[0.02658681 0.02658681],[0.00624905 0.00624905],[0.00014077 0.00014077],[0.0067263 0.0067263],[0.00537596 0.00537596],[0.00230267 0.00230267],[0.0008654 0.0008654],[0.00708327 0.00708327],[0.00237493 0.00237493],[0.00418921 0.00418921],14,1
[0.04167393 0.04167394],[0.00310065 0.00310065],[0.00186956 0.00186956],[0.00153945 0.00153945],[0.00076813 0.00076813],[0.00367736 0.00367736],[0.00537698 0.00537698],[0.00083104 0.00083105],[0.01405392 0.01405392],[0.00315209 0.00315209],[0.00282032 0.00282032],[0.00075975 0.00075975],[0.00574831 0.00574831],[0.02431632 0.02431632],[0.00861408 0.00861408],[0.00213355 0.00213355],[0.00734316 0.00734316],[0.00633921 0.00633921],[0.00057134 0.00057134],[0.0017512 0.0017512],[0.00677134 0.00677134],[0.00383349 0.00383349],[0.00850379 0.00850379],14,2
[0.04156643 0.04156643],[0.00372389 0.00372389],[0.00185636 0.00185636],[0.00138011 0.00138011],[0.00099302 0.00099302],[0.00363443 0.00363443],[0.00554758 0.00554758],[0.0011477 0.0011477],[0.01993172 0.01993172],[0.003 0.003],[0.00332344 0.00332344],[0.00021127 0.00021127],[0.00548509 0.0054851 ],[0.02427606 0.02427606],[0.01454326 0.01454326],[0.00030939 0.00030939],[0.0029786 0.0029786],[0.00040012 0.00040012],[0.00436808 0.00436808],[0.00304524 0.00304524],[0.00341892 0.00341892],[0.00145753 0.00145753],[0.00248085 0.00248085],14,3
[0.04516965 0.04516965],[0.0039435 0.0039435],[0.00175959 0.00175959],[0.00192575 0.00192575],[0.00082612 0.00082612],[0.00406965 0.00406965],[0.00479422 0.00479422],[0.0006301 0.0006301],[0.01371587 0.01371587],[0.00244451 0.00244451],[0.00287159 0.00287159],[0.00022339 0.00022339],[0.01157169 0.01157169],[0.02308085 0.02308085],[0.01043433 0.01043433],[0.00529608 0.00529608],[0.00440069 0.00440069],[0.00569602 0.00569602],[0.00116648 0.00116648],[0.00393208 0.00393208],[0.00572015 0.00572015],[0.00239951 0.00239951],[0.00586084 0.00586084],14,4
[0.01259188 0.01259189],[0.00174828 0.00174828],[0.0049848 0.0049848],[0.00156501 0.00156501],[0.00314991 0.00314991],[0.00512969 0.00512969],[0.0035066 0.0035066],[0.00014718 0.00014718],[0.00251879 0.00251879],[0.00515122 0.00515122],[0.00131082 0.00131082],[0.00091162 0.00091162],[0.00049622 0.00049622],[0.00770945 0.00770945],[0.00774772 0.00774772],[0.01169482 0.01169482],[0.01502976 0.01502976],[0.00860382 0.00860382],[0.00814382 0.00814382],[0.01128121 0.01128121],[0.01083836 0.01083836],[0.00302845 0.00302845],[0.00706346 0.00706346],15,0
[0.01258743 0.01258743],[0.00169137 0.00169137],[0.00500432 0.00500432],[0.00158585 0.00158585],[0.00316775 0.00316775],[0.00522754 0.00522754],[0.00336503 0.00336504],[0.00012128 0.00012128],[0.00250195 0.00250195],[0.00516325 0.00516325],[0.00130729 0.00130729],[0.00061136 0.00061136],[0.00116311 0.00116311],[0.00770479 0.00770479],[0.00786795 0.00786795],[0.01190868 0.01190868],[0.01475461 0.01475461],[0.00843713 0.00843713],[0.00836583 0.00836583],[0.01157587 0.01157587],[0.01034199 0.01034199],[0.00288333 0.00288333],[0.00644846 0.00644846],15,1
[0.01257463 0.01257463],[0.0015152 0.0015152],[0.00500654 0.00500654],[0.00158766 0.00158766],[0.00315118 0.00315118],[0.00507024 0.00507024],[0.00336279 0.00336279],[0.00012478 0.00012478],[0.00248903 0.00248903],[0.00516371 0.00516371],[0.00130498 0.00130498],[0.00058052 0.00058052],[0.00118273 0.00118273],[0.00769638 0.00769638],[0.00791088 0.00791088],[0.01191433 0.01191433],[0.01487006 0.01487006],[0.00840655 0.00840655],[0.00832402 0.00832402],[0.01155744 0.01155744],[0.01033542 0.01033542],[0.00289505 0.00289505],[0.0066637 0.0066637],15,2
[0.01261295 0.01261295],[0.00177055 0.00177055],[0.00500586 0.00500586],[0.00159955 0.00159955],[0.00313465 0.00313465],[0.00518002 0.00518002],[0.00350798 0.00350798],[0.00024826 0.00024826],[0.00238153 0.00238153],[0.00516973 0.00516973],[0.0013106 0.0013106],[0.0006391 0.0006391],[0.00050373 0.00050373],[0.00840527 0.00840527],[0.00777009 0.00777009],[0.01153569 0.01153569],[0.01481444 0.01481444],[0.00855531 0.00855531],[0.00859343 0.00859343],[0.01129393 0.01129393],[0.01047617 0.01047617],[0.00312188 0.00312188],[0.00695131 0.00695131],15,3
[0.01259971 0.01259971],[0.00151945 0.00151945],[0.00492904 0.00492904],[0.00158219 0.00158219],[0.00317975 0.00317975],[0.00453059 0.00453059],[0.00350374 0.00350374],[0.00025169 0.00025169],[0.00214474 0.00214474],[0.00514645 0.00514645],[0.00130319 0.00130319],[0.00060425 0.00060425],[0.00092246 0.00092246],[0.00826844 0.00826844],[0.00772604 0.00772604],[0.01143227 0.01143227],[0.01478458 0.01478459],[0.00830262 0.00830262],[0.00825787 0.00825787],[0.01129248 0.01129248],[0.010508 0.010508],[0.00323799 0.00323799],[0.00720061 0.00720061],15,4
[0.01064455 0.01064455],[0.00279787 0.00279787],[0.00132486 0.00132486],[0.0047805 0.0047805],[0.00323666 0.00323666],[0.01041007 0.01041007],[0.00058188 0.00058188],[0.00891928 0.00891928],[0.0022853 0.0022853],[0.00097242 0.00097242],[0.00104408 0.00104408],[0.05739654 0.05739654],[0.00289265 0.00289265],[0.00519315 0.00519315],[0.02510517 0.02510517],[0.00832457 0.00832457],[0.00578202 0.00578202],[0.01770334 0.01770334],[0.01040844 0.01040844],[0.00038213 0.00038213],[0.00871313 0.00871313],[0.00228482 0.00228482],[0.0118468 0.0118468],16,0
[0.00462728 0.00462728],[0.00051251 0.00051251],[0.00085181 0.00085181],[0.00857194 0.00857194],[0.00231395 0.00231395],[0.01292362 0.01292362],[0.00351748 0.00351748],[0.00066937 0.00066937],[0.00206969 0.00206969],[0.00080528 0.00080528],[0.00231772 0.00231772],[0.02377721 0.02377721],[0.0095942 0.0095942],[0.01945301 0.01945301],[0.02613852 0.02613852],[0.00201422 0.00201422],[0.00369362 0.00369362],[0.01762742 0.01762742],[0.01476205 0.01476205],[0.00497466 0.00497466],[0.00362961 0.00362961],[0.00259105 0.00259105],[0.00671245 0.00671245],16,1
[0.00880407 0.00880407],[0.00443797 0.00443797],[0.00105897 0.00105897],[0.00979106 0.00979106],[0.00745353 0.00745353],[0.02022194 0.02022194],[0.00677876 0.00677876],[0.0096632  0.00966321],[0.00288844 0.00288843],[0.00248914 0.00248914],[0.00011187 0.00011187],[0.0657207 0.0657207],[0.02625265 0.02625265],[0.03636963 0.03636963],[0.00844428 0.00844428],[0.01583747 0.01583747],[0.0004578 0.0004578],[0.00713334 0.00713334],[0.01633504 0.01633504],[0.00095233 0.00095233],[0.01972727 0.01972727],[0.00320367 0.00320367],[0.00833488 0.00833488],16,2
[0.01329507 0.01329507],[0.00182233 0.00182233],[0.00232604 0.00232604],[0.00648263 0.00648263],[0.00143322 0.00143322],[0.0092348 0.0092348],[0.00269673 0.00269673],[0.00107932 0.00107932],[0.00417005 0.00417005],[0.00032109 0.00032109],[0.0022352 0.0022352],[0.02458184 0.02458184],[0.03036299 0.03036299],[0.00510413 0.00510413],[0.02968958 0.02968958],[0.00684287 0.00684287],[0.00360126 0.00360126],[0.02127385 0.02127385],[0.01811404 0.01811404],[0.00093368 0.00093368],[0.00320194 0.00320194],[0.00018784 0.00018784],[0.01014903 0.01014903],16,3
[0.00612262 0.00612262],[0.00420868 0.00420868],[0.00060043 0.00060043],[0.00885119 0.00885119],[0.00588105 0.00588105],[0.01237716 0.01237716],[0.00098528 0.00098528],[0.00716479 0.00716479],[0.00423055 0.00423055],[0.00272378 0.00272378],[0.00233081 0.00233081],[0.05655148 0.05655148],[0.02005699 0.02005699],[0.02491225 0.02491225],[0.00771444 0.00771444],[0.00223964 0.00223964],[0.00158438 0.00158438],[0.00980043 0.00980043],[0.01606411 0.01606412],[0.00483067 0.00483067],[0.02210609 0.02210609],[0.00374187 0.00374187],[0.00859881 0.00859881],16,4
[0.00727496 0.00727496],[0.00281696 0.00281696],[0.00090221 0.00090221],[0.00072026 0.00072026],[0.00380767 0.00380767],[0.00031929 0.00031929],[0.00410434 0.00410434],[0.00613343 0.00613343],[0.00011323 0.00011323],[0.00143993 0.00143993],[0.00329134 0.00329134],[0.01414909 0.01414909],[0.00944712 0.00944712],[0.01358384 0.01358385],[0.02071401 0.02071401],[0.00462845 0.00462845],[0.02560816 0.02560816],[0.02434378 0.02434378],[0.04172637 0.04172637],[0.00730664 0.00730664],[7.60185625e-05 7.60181765e-05],[0.0066641  0.00666409],[0.00890874 0.00890874],17,0
[0.00262503 0.00262503],[0.00119604 0.00119604],[0.00420751 0.00420751],[0.00242722 0.00242722],[0.00551896 0.00551896],[0.00983477 0.00983477],[0.01114169 0.01114169],[0.00146067 0.00146067],[0.00474284 0.00474284],[0.00383592 0.00383592],[0.0029137 0.0029137],[0.02229693 0.02229693],[0.02333922 0.02333922],[0.00152973 0.00152973],[0.01508529 0.01508529],[8.70091172e-05 8.70088206e-05],[0.00042465 0.00042465],[0.01606823 0.01606823],[0.0185009  0.01850091],[0.02027995 0.02027995],[0.00338642 0.00338642],[0.00108043 0.00108043],[0.01007247 0.01007247],17,1
[0.00433313 0.00433313],[0.00286061 0.00286061],[0.00114963 0.00114963],[0.00033696 0.00033696],[0.00464263 0.00464263],[0.00661396 0.00661396],[0.00516561 0.00516561],[0.00095288 0.00095288],[0.00215684 0.00215683],[0.00186367 0.00186367],[0.00063094 0.00063094],[0.01410151 0.01410151],[0.00295897 0.00295897],[0.001785 0.001785],[0.00618423 0.00618423],[0.00363354 0.00363354],[0.00909104 0.00909104],[0.01539779 0.01539779],[0.00733463 0.00733463],[0.0064482 0.0064482],[0.00587751 0.00587751],[0.00176802 0.00176802],[0.00842252 0.00842252],17,2
[0.00842061 0.00842061],[0.00349895 0.00349895],[0.00306652 0.00306652],[0.00113331 0.00113331],[0.00312609 0.00312609],[0.00837289 0.00837289],[0.00602413 0.00602413],[0.00474172 0.00474172],[0.00124549 0.00124549],[0.00258556 0.00258556],[0.00511962 0.00511962],[0.04322207 0.04322208],[0.00917337 0.00917337],[0.00100038 0.00100038],[0.01980113 0.01980113],[0.00074412 0.00074412],[0.00357672 0.00357672],[0.00567704 0.00567704],[0.0047992 0.0047992],[0.0090801 0.0090801],[0.00295394 0.00295394],[0.0104007 0.0104007],[0.00535983 0.00535983],17,3
[0.01270018 0.01270018],[0.00341586 0.00341586],[0.00799377 0.00799377],[0.00311147 0.00311147],[0.00772085 0.00772085],[0.00811858 0.00811858],[0.00759283 0.00759283],[0.00384257 0.00384257],[0.00893992 0.00893992],[0.00696856 0.00696856],[0.00422453 0.00422453],[0.02950984 0.02950985],[0.00711412 0.00711412],[0.00744946 0.00744946],[1.54831614e-05 1.54824208e-05],[0.00626777 0.00626777],[0.00293555 0.00293555],[0.00773987 0.00773987],[0.00647905 0.00647905],[0.00361711 0.00361711],[0.00321828 0.00321828],[0.0036799 0.0036799],[0.00660657 0.00660657],17,4
[0.0051953 0.0051953],[0.00057775 0.00057775],[0.00040633 0.00040633],[0.00383002 0.00383002],[0.00727 0.00727],[0.00395484 0.00395484],[0.00232246 0.00232246],[0.00171935 0.00171935],[0.0015021 0.0015021],[0.00557337 0.00557337],[0.0017703 0.0017703],[0.00414612 0.00414612],[0.00252108 0.00252108],[0.01326532 0.01326532],[0.00374209 0.00374209],[0.00881334 0.00881334],[0.00155532 0.00155532],[0.00502699 0.00502699],[0.00291514 0.00291514],[1.49875525e-05 1.49873751e-05],[0.00421675 0.00421675],[0.00095432 0.00095432],[0.02712985 0.02712985],18,0
[0.01095483 0.01095483],[0.00112174 0.00112174],[0.00040842 0.00040842],[0.00214165 0.00214165],[0.00780866 0.00780866],[0.00363389 0.00363389],[0.00246523 0.00246523],[0.00183371 0.00183371],[0.00151163 0.00151163],[0.00518219 0.00518219],[0.00117759 0.00117759],[0.01289522 0.01289522],[0.00237848 0.00237848],[0.0158688 0.0158688],[0.00078611 0.00078611],[0.01269167 0.01269167],[0.0012425 0.0012425],[0.00234005 0.00234005],[0.00434548 0.00434548],[0.00029925 0.00029925],[0.00236053 0.00236053],[0.00229127 0.00229127],[0.0100472 0.0100472],18,1
[0.00514656 0.00514656],[0.00076581 0.00076581],[0.00111252 0.00111252],[0.00079089 0.00079089],[0.00581984 0.00581984],[0.00407785 0.00407785],[0.00262718 0.00262718],[0.00156547 0.00156547],[0.00199818 0.00199818],[0.00687917 0.00687917],[0.00161739 0.00161739],[0.00655551 0.00655551],[0.00166988 0.00166988],[0.01489884 0.01489884],[0.00116893 0.00116893],[0.00959095 0.00959095],[0.00261621 0.00261621],[0.00303784 0.00303784],[0.00334518 0.00334518],[0.00516151 0.00516151],[0.00198098 0.00198098],[0.00045881 0.00045881],[0.00543074 0.00543074],18,2
[0.00524664 0.00524664],[0.00079442 0.00079442],[0.00036315 0.00036315],[0.0020018 0.0020018],[0.00509256 0.00509256],[0.00477266 0.00477266],[0.00233596 0.00233596],[0.00204125 0.00204125],[0.00175131 0.00175131],[0.00601716 0.00601716],[0.00167089 0.00167089],[0.00331844 0.00331844],[0.00389039 0.00389039],[0.01411436 0.01411436],[0.00075458 0.00075458],[0.01401789 0.01401789],[0.00266368 0.00266368],[0.00587149 0.00587149],[0.00810392 0.00810392],[0.0024697 0.0024697],[0.00062253 0.00062253],[0.00039874 0.00039874],[0.00793395 0.00793395],18,3
[0.00363669 0.00363669],[0.00075228 0.00075228],[0.00111066 0.00111066],[0.00112403 0.00112403],[0.00699595 0.00699595],[0.00398221 0.00398221],[0.00283007 0.00283007],[0.00224409 0.00224409],[0.00312281 0.00312281],[0.00648946 0.00648946],[0.00192315 0.00192315],[0.00206136 0.00206136],[0.00104424 0.00104424],[0.01491997 0.01491997],[0.00267747 0.00267747],[0.00886621 0.00886621],[0.00094269 0.00094269],[0.00062691 0.00062691],[0.00866006 0.00866006],[0.00419502 0.00419502],[0.00053013 0.00053013],[0.00084031 0.00084031],[0.00068004 0.00068004],18,4
[0.00488708 0.00488708],[0.00045502 0.00045502],[0.00068943 0.00068943],[0.00234003 0.00234003],[0.00571363 0.00571363],[0.00332939 0.00332939],[0.00276363 0.00276363],[0.00165692 0.00165692],[0.00186214 0.00186214],[0.00352177 0.00352177],[0.00105807 0.00105807],[0.01092364 0.01092364],[0.00329759 0.00329759],[0.00392863 0.00392863],[0.00844955 0.00844955],[0.00086284 0.00086284],[0.0079831 0.0079831],[0.00260577 0.00260577],[0.00685574 0.00685574],[0.00349343 0.00349343],[0.00165376 0.00165376],[0.00065189 0.00065189],[0.000538 0.000538],19,0
[0.00744327 0.00744327],[0.00079885 0.00079885],[0.00082143 0.00082143],[0.00205823 0.00205823],[0.00566421 0.00566421],[0.00385045 0.00385045],[0.00293297 0.00293297],[0.00139478 0.00139478],[0.0016879 0.0016879],[0.00365183 0.00365183],[0.00111968 0.00111968],[0.00820061 0.00820061],[0.0041775 0.0041775],[0.00183724 0.00183724],[0.00769272 0.00769272],[0.00050675 0.00050675],[0.00760547 0.00760547],[0.00329267 0.00329267],[0.00515531 0.00515531],[0.00132606 0.00132606],[0.00152676 0.00152676],[0.00047926 0.00047926],[0.00393814 0.00393814],19,1
[0.00526694 0.00526694],[0.00059127 0.00059127],[0.00117992 0.00117992],[0.00276021 0.00276021],[0.00565873 0.00565873],[0.00391456 0.00391456],[0.00355749 0.00355749],[0.00103433 0.00103433],[0.00150469 0.00150469],[0.00306124 0.00306124],[0.00123451 0.00123451],[0.01089235 0.01089236],[0.00290247 0.00290247],[0.00014548 0.00014548],[0.00759681 0.00759681],[0.00132169 0.00132169],[0.01177333 0.01177333],[0.00323903 0.00323903],[0.00229152 0.00229152],[0.0027846 0.0027846],[0.0002831 0.0002831],[0.00038859 0.00038859],[0.00145473 0.00145473],19,2
[0.00557277 0.00557277],[0.00072012 0.00072012],[0.00312781 0.00312781],[0.00074511 0.00074511],[0.0062101 0.0062101],[0.00361594 0.00361595],[0.00330985 0.00330985],[0.00133549 0.00133549],[0.0012565 0.0012565],[0.00286398 0.00286398],[0.00103271 0.00103271],[0.01131992 0.01131992],[0.00298252 0.00298252],[0.00065581 0.00065581],[0.00855482 0.00855482],[0.00062034 0.00062034],[0.01002842 0.01002842],[0.00018314 0.00018314],[0.00289559 0.00289559],[0.0012977 0.0012977],[0.00128087 0.00128087],[2.90944277e-05 2.90945130e-05],[0.00087759 0.00087759],19,3
[0.00478438 0.00478438],[0.00057564 0.00057564],[0.00124429 0.00124429],[0.00297181 0.00297181],[0.0056097 0.0056097],[0.00392946 0.00392946],[0.00386333 0.00386333],[0.00127442 0.00127442],[0.0017281 0.0017281],[0.00298921 0.00298921],[0.00149972 0.00149972],[0.01124325 0.01124325],[0.0033932 0.0033932],[0.00123427 0.00123427],[0.00732686 0.00732686],[0.00125905 0.00125905],[0.00769841 0.00769841],[0.00406714 0.00406714],[0.00281237 0.00281237],[0.00308232 0.00308232],[0.00011929 0.00011929],[0.00066619 0.00066619],[0.00046764 0.00046764],19,4
