LIMIT_BAL,SEX,EDUCATION,MARRIAGE,AGE,PAY_0,PAY_2,PAY_3,PAY_4,PAY_5,PAY_6,BILL_AMT1,BILL_AMT2,BILL_AMT3,BILL_AMT4,BILL_AMT5,BILL_AMT6,PAY_AMT1,PAY_AMT2,PAY_AMT3,PAY_AMT4,PAY_AMT5,PAY_AMT6,default
0.25061121627996186,-1.234322957273864,-1.0794572016850958,-1.0572950302584874,2.334029343876886,-1.7648428182517135,-1.5588759641656582,-1.5321917081248893,-0.6665987314195115,1.9998790658451597,1.9923155127373806,1.3756525232628596,1.3990208205940409,1.3996441288923152,-0.5454372136698025,-0.5282144501092532,-0.5197672770061276,-0.34194161870789364,-0.2569895184166682,0.17018089379187332,-0.2889126867796211,-0.3141361173103375,-0.23713013317254236,1
-1.1367201460025875,0.8101607396241002,-1.0794572016850958,0.858557283570615,-0.9205608309497002,2.684415534624083,1.782348171792314,1.809921299018505,0.1887460907612133,0.23491651545670353,1.9923155127373806,-0.4684117969193536,-0.4399597997961727,-0.42880912917831837,-0.40025236984574125,-0.3593879492491006,-0.34986852348511754,-0.23930323442017684,-0.2569895184166682,-0.25136394322170974,-0.22118596235504595,-0.3141361173103375,-0.24838051812296827,1
0.09646328713745637,0.8101607396241002,1.4511137173234903,-1.0572950302584874,2.767974700520431,0.01486052289860516,0.11173610381332785,0.13886479544680802,0.1887460907612133,0.23491651545670353,0.2531373775731533,-0.4165068735339307,-0.38805779107308414,-0.35222462402364063,-0.3056645995385236,-0.2671617031147597,-0.24010096549274337,-0.26025353991890493,-0.19709494948355188,-0.21774031838850558,-0.2530385876970469,-0.2557517070379365,-0.23713013317254236,1
0.6359810391362256,0.8101607396241002,-1.0794572016850958,0.858557283570615,0.8152205956244792,0.01486052289860516,0.11173610381332785,0.13886479544680802,0.1887460907612133,0.23491651545670353,0.2531373775731533,0.5695644456947901,0.6581877902902262,0.6328617787511011,0.4144770968941434,0.5114074309182159,0.521823915018803,-0.07574595028169169,-0.1257856909639069,-0.14912994879642685,-0.13571368713873475,-0.13080121465002897,-0.15275224604434803,0
-0.5201284294325655,0.8101607396241002,0.18582825781919723,0.858557283570615,2.225543004716,-1.7648428182517135,-0.7235699301761651,1.809921299018505,-0.6665987314195115,-0.6475647597375246,-0.6164516900089603,-0.6903454070618394,-0.6800241530833118,-0.6723048840346332,-0.6664349464670716,-0.5995183161681739,-0.6461754423062029,-0.2948487129758824,-0.2569895184166682,-0.2746505752852464,-0.061476005229421905,-0.2886093011598483,-0.2714438072713414,0
-0.13475860657630187,-1.234322957273864,0.18582825781919723,0.858557283570615,0.05581622149827576,0.01486052289860516,0.11173610381332785,0.13886479544680802,0.1887460907612133,0.23491651545670353,0.2531373775731533,1.3405060183645146,1.457526495830354,1.4831502236674494,1.5772615784161004,1.765730433898878,1.8651793390585656,-0.00987625777704521,-0.01771505571502318,-0.0014586235154627055,0.023868604153855204,0.03931210631182107,0.04412949058810542,0
-1.1367201460025875,0.8101607396241002,0.18582825781919723,0.858557283570615,1.3576522914289104,0.01486052289860516,0.11173610381332785,0.13886479544680802,1.899435735122663,0.23491651545670353,0.2531373775731533,-0.5025533399311153,-0.47675767766454547,-0.43299092290734426,-0.41728904959211927,-0.3897681662296834,-0.36820509581610616,-0.24763505620353266,-0.15712183499992863,-0.296801274077391,-0.26912448265933997,-0.2746022789644516,-0.249561808542763,1
-0.5201284294325655,0.8101607396241002,-1.0794572016850958,0.858557283570615,-1.0290471701105863,0.01486052289860516,0.11173610381332785,0.13886479544680802,-0.6665987314195115,-0.6475647597375246,1.9923155127373806,-0.36347476316761035,-0.3154736608447475,-0.30778225066895853,-0.6588026382960208,0.28338309523775074,0.2714591774226122,-0.16081505820015812,-0.21289322708619995,-0.1828103702932006,3.362330137994837,-0.18322936782064916,-0.2933820579246719,0
0.25061121627996186,-1.234322957273864,-1.0794572016850958,0.858557283570615,-0.4866154743061553,-1.7648428182517135,-1.5588759641656582,-1.5321917081248893,-1.5219435536002364,-1.5300460349317528,-1.486040757591074,-0.695641827815454,-0.6909834294244078,-0.6779286756012541,-0.6724972686395966,-0.6630585317588568,-0.6527242181386989,-0.34194161870789364,-0.2569895184166682,-0.296801274077391,-0.3080625617347319,-0.3141361173103375,-0.2933820579246719,0
-0.9054982522888293,0.8101607396241002,0.18582825781919723,0.858557283570615,-1.1375335092714727,0.01486052289860516,0.11173610381332785,0.13886479544680802,0.1887460907612133,0.23491651545670353,0.2531373775731533,-0.07517292681252329,-0.028902634879367183,0.027035227242256266,-0.09325015726274231,-0.3754415993698634,-0.3446295028191208,-0.1910028182847807,-0.12678393377945885,-0.18320794693818782,-0.24422964521769594,-0.24868274256549333,-0.23713013317254236,1
-0.28890653571880737,-1.234322957273864,0.18582825781919723,-1.0572950302584874,-0.4866154743061553,1.7945638640489239,1.782348171792314,0.13886479544680802,0.1887460907612133,0.23491651545670353,0.2531373775731533,1.0920359821898162,1.0870608044384547,1.1641947219697812,0.8864677390647854,0.8757233085050748,0.9512389005685943,-0.34194161870789364,-0.03564002453341233,-0.06393495344202446,-0.09154130890894585,-0.08367478483374115,-0.08389989014774145,1
0.25061121627996186,0.8101607396241002,1.4511137173234903,-1.0572950302584874,1.4661386305897965,0.9047121934737644,-1.5588759641656582,-0.6966634563390405,-0.6665987314195115,-0.6475647597375246,-0.6164516900089603,-0.695641827815454,-0.6909834294244078,-0.6445175857041748,-0.554546241344417,-0.5379519100185683,-0.41674999564109527,-0.34194161870789364,-0.15642740521519685,0.1341718090887459,0.17796126462598008,0.6056801579789578,-0.2933820579246719,0
1.1754987911349948,-1.234322957273864,-1.0794572016850958,-1.0572950302584874,-0.2696427959843829,0.01486052289860516,0.11173610381332785,0.13886479544680802,0.1887460907612133,0.23491651545670353,0.2531373775731533,3.7240854854155647,2.1591730880376083,0.14474551072514727,1.8402730942087253,2.334911283057561,-0.6527242181386989,0.26181358298455804,0.39403840476937846,5.6668484007307764,3.202747846702247,-0.3141361173103375,-0.2933820579246719,0
0.7130550037074783,0.8101607396241002,-1.0794572016850958,0.858557283570615,2.4425156830377723,0.9047121934737644,-1.5588759641656582,-1.5321917081248893,-1.5219435536002364,-1.5300460349317528,-1.486040757591074,-0.695641827815454,-0.6909834294244078,-0.6779286756012541,-0.6724972686395966,-0.6630585317588568,-0.6527242181386989,-0.34194161870789364,-0.2569895184166682,-0.296801274077391,-0.3080625617347319,-0.3141361173103375,-0.2933820579246719,1
-0.9054982522888293,-1.234322957273864,0.18582825781919723,-1.0572950302584874,1.4661386305897965,0.01486052289860516,0.11173610381332785,0.13886479544680802,0.1887460907612133,0.23491651545670353,0.2531373775731533,-0.019112350220418184,0.008007645823273239,0.022723653707846805,0.2519135961755104,-0.3301591211091463,-0.31589884782065786,-0.16081505820015812,-0.1701857953251953,-0.18888761329514797,-0.2439743135516278,-0.20941071771858683,-0.2540057105981812,0
0.4047591454224674,-1.234322957273864,1.4511137173234903,-1.0572950302584874,0.706734256463593,-0.8749911476765541,-0.7235699301761651,-0.6966634563390405,-0.6665987314195115,-0.6475647597375246,-0.6164516900089603,-0.6917713664955049,-0.6793918871405562,-0.6779286756012541,-0.6533776371724022,-0.609979506205884,-0.5885797984460464,-0.29213181456826637,-0.2569895184166682,-0.22694137788678104,-0.1020737401342568,-0.06410422578503273,-0.08806253257939904,0
-0.5972023940038184,0.8101607396241002,0.18582825781919723,0.858557283570615,-1.354506187593245,0.01486052289860516,0.11173610381332785,0.13886479544680802,0.1887460907612133,0.23491651545670353,0.2531373775731533,-0.12383209491560289,-0.07390591964927859,-0.0029006478662187735,0.026628377594983647,0.10024647592978711,0.14698206140647796,-0.1910028182847807,-0.08468412808009451,-0.154809615153387,-0.14848027044214196,-0.15050268044822707,-0.1977537858460517,1
-0.3659805002900601,0.8101607396241002,0.18582825781919723,-1.0572950302584874,0.5982479173027069,-0.8749911476765541,-0.7235699301761651,-0.6966634563390405,-0.6665987314195115,0.23491651545670353,0.2531373775731533,-0.633293449149186,-0.6909834294244078,-0.26744957115142254,-0.3389918270715843,-0.40506518939803315,-0.5395983135655575,-0.34194161870789364,0.9784878723442654,0.9217711428084112,-0.3080625617347319,-0.3141361173103375,-0.282131672974246,0
-1.1367201460025875,-1.234322957273864,0.18582825781919723,0.858557283570615,-0.5951018134670415,0.01486052289860516,0.11173610381332785,0.13886479544680802,0.1887460907612133,0.23491651545670353,0.2531373775731533,-0.49098269766937264,-0.46078242484425536,-0.426833592140813,-0.39087908710206787,-0.3565917192075743,-0.3306587810431295,-0.2472728030825172,-0.18767674552812708,-0.22290881477333932,-0.25597490185683053,-0.24868274256549333,-0.249561808542763,1
0.7901289682787311,-1.234322957273864,-1.0794572016850958,-1.0572950302584874,0.16430256065916196,0.01486052289860516,0.11173610381332785,0.13886479544680802,0.1887460907612133,0.23491651545670353,0.2531373775731533,1.427625349478457,1.5461561306503981,1.708289346051178,0.5111167300905234,0.6189964938689426,0.6331363124383301,0.08068702247682254,0.13362723549495978,-0.012817956229383025,-0.11656381218362397,-0.11777599307580497,-0.12462628366828325,1
4.104309444842599,0.8101607396241002,-1.0794572016850958,-1.0572950302584874,0.3812752389809344,0.01486052289860516,0.11173610381332785,0.13886479544680802,0.1887460907612133,-1.5300460349317528,-0.6164516900089603,0.6523515762435965,0.7470000797159552,0.90302007362455,-0.6674297890799987,-0.6298985331487567,0.38344324415829273,-0.04006401786166779,0.17702909704069622,-0.2782855617537009,-0.17937540203638738,3.7247952780697626,0.7070584237919523,0
-0.13475860657630187,0.8101607396241002,0.18582825781919723,-1.0572950302584874,-1.1375335092714727,0.01486052289860516,0.11173610381332785,0.13886479544680802,0.1887460907612133,0.23491651545670353,0.2531373775731533,1.3071657287488125,1.281011894967289,0.9186801701408331,0.8644413018379444,0.4103319391230447,0.32164966707217724,0.058951835215894276,-0.07904188607914876,-0.06961461979898462,-0.13730951005166067,-0.15050268044822707,-0.2090041707964776,1
2.562830153417544,0.8101607396241002,0.18582825781919723,0.858557283570615,-0.16115645682349666,0.01486052289860516,0.11173610381332785,0.13886479544680802,0.1887460907612133,0.23491651545670353,0.2531373775731533,4.294713709070379,3.3435477023615805,3.102600315157044,0.7334951429114035,-0.5037556614519025,-1.308374221101869,0.2970728867633972,1.055135559834036,-0.12538894342433338,-0.22284561818448886,1.649465125034988,0.26913718959662364,0
-0.5201284294325655,-1.234322957273864,0.18582825781919723,-1.0572950302584874,0.27278889982004817,-0.8749911476765541,-0.7235699301761651,-0.6966634563390405,1.899435735122663,0.23491651545670353,0.2531373775731533,-0.5897405738752323,-0.6788439233235014,-0.6303139070038628,-0.6347243381800175,-0.6498175600916293,-0.5953804502720998,-0.2897771692816658,-0.15117577996816273,-0.2501712132867481,-0.3079987288182149,-0.11057612185387211,-0.16929031192147412,1
-0.9054982522888293,0.8101607396241002,3.981684636332077,-1.0572950302584874,-0.2696427959843829,1.7945638640489239,0.11173610381332785,-0.6966634563390405,1.899435735122663,0.23491651545670353,0.2531373775731533,-0.3576215392065645,-0.3335424164532726,-0.30025502195671194,-0.28088680071030586,-0.23964350982373908,-0.19647604340857813,-0.22571874238209666,0.9709793502968529,-0.296801274077391,-0.23784635356599235,-0.18126576657830382,-0.2933820579246719,1
-1.1367201460025875,-1.234322957273864,0.18582825781919723,2.7744095973997176,1.249165952268024,-0.8749911476765541,-0.7235699301761651,1.809921299018505,1.899435735122663,-0.6475647597375246,-0.6164516900089603,-0.6903454070618394,-0.6800241530833118,-0.6723048840346332,-0.6724972686395966,-0.6502287703918537,-0.6527242181386989,-0.2948487129758824,-0.2569895184166682,-0.296801274077391,-0.25827288685144384,-0.3141361173103375,-0.2933820579246719,1
1.098424826563742,0.8101607396241002,0.18582825781919723,-1.0572950302584874,-0.052670117662610455,1.7945638640489239,0.11173610381332785,0.13886479544680802,0.1887460907612133,0.23491651545670353,0.2531373775731533,3.4463085877375326,3.6820909888214666,3.739112580649913,3.347444108377586,3.3913269927461966,2.6869667473722862,0.44408727837550915,0.22598639686428693,0.18068827655224962,0.2408366873952605,0.13310679232118278,0.04339821556632774,1
-0.28890653571880737,0.8101607396241002,0.18582825781919723,0.858557283570615,-1.1375335092714727,1.7945638640489239,-0.7235699301761651,-0.6966634563390405,-0.6665987314195115,-0.6475647597375246,-0.6164516900089603,-0.68428847461027,-0.6815977927630589,-0.6632635575929117,-0.652320616896167,-0.6540119051539187,-0.6575266537491958,-0.3016107712348378,-0.20490728456178445,-0.22296561143690893,-0.24652763021230922,-0.2029962869935921,3.1126157338920204,1
-0.13475860657630187,0.8101607396241002,0.18582825781919723,0.858557283570615,-0.812074491788814,-0.8749911476765541,-0.7235699301761651,-0.6966634563390405,-0.6665987314195115,-0.6475647597375246,0.2531373775731533,-0.6912145632880736,-0.686403013928001,-0.6732277626506941,-0.6674297890799987,-0.6523341671290029,-0.6472501132120484,-0.32225919913271966,-0.2428405115527581,-0.2782855617537009,-0.26644350016562446,-0.3141361173103375,-0.2750439304554777,0
-0.9054982522888293,-1.234322957273864,0.18582825781919723,0.858557283570615,-0.5951018134670415,0.01486052289860516,0.11173610381332785,1.809921299018505,0.1887460907612133,0.23491651545670353,-1.486040757591074,-0.6617447349923207,-0.6272931734574992,-0.6162255881305583,-0.6011173111620709,-0.6630585317588568,-0.6527242181386989,-0.20585519624641502,-0.2569895184166682,-0.2790239183801057,-0.3080625617347319,-0.3141361173103375,-0.2933820579246719,0
-0.9054982522888293,-1.234322957273864,0.18582825781919723,-1.0572950302584874,-1.1375335092714727,0.01486052289860516,0.11173610381332785,0.13886479544680802,0.1887460907612133,0.23491651545670353,0.2531373775731533,-0.12202587963295997,-0.08317915347635993,-0.16880249908153927,-0.3134834406994982,-0.3510321559485397,-0.32505034225324836,-0.2328430537620676,-0.19600990294490847,-0.21921703164131523,-0.24422964521769594,-0.24868274256549333,-0.23713013317254236,1
1.2525727557062476,0.8101607396241002,-1.0794572016850958,-1.0572950302584874,2.4425156830377723,-1.7648428182517135,-1.5588759641656582,-1.5321917081248893,-1.5219435536002364,-1.5300460349317528,-1.486040757591074,-0.683690929704734,-0.6586114131553239,-0.6779286756012541,-0.6656577256757221,-0.6630585317588568,-0.6507931688547578,-0.20283642023795276,-0.2569895184166682,-0.2718107421067663,-0.3080625617347319,-0.30660897921468044,-0.2933820579246719,1
-0.5201284294325655,0.8101607396241002,0.18582825781919723,-1.0572950302584874,-0.7035881526279277,0.01486052289860516,0.11173610381332785,0.13886479544680802,1.899435735122663,1.9998790658451597,1.9923155127373806,0.3058162727308189,0.3658280183600618,0.5045960710970137,0.633917615123723,0.7273586321840912,0.7045179690125358,-0.17892771425093168,0.09022537394922334,-0.052348434073825736,-0.11656381218362397,-0.3141361173103375,-0.12462628366828325,1
-1.1367201460025875,-1.234322957273864,0.18582825781919723,-1.0572950302584874,1.4661386305897965,1.7945638640489239,1.782348171792314,1.809921299018505,1.899435735122663,0.23491651545670353,0.2531373775731533,-0.5139338542683691,-0.5046195302086398,-0.4011371906748677,-0.3849722090878127,-0.36435536967581206,-0.33255624686126295,-0.31779141064019556,0.011233985935983024,-0.296801274077391,-0.27908241763599756,-0.24868274256549333,-0.2708812880238201,1
0.3276851808512146,-1.234322957273864,-1.0794572016850958,0.858557283570615,0.5982479173027069,0.01486052289860516,-0.7235699301761651,-0.6966634563390405,-1.5219435536002364,-1.5300460349317528,-1.486040757591074,0.1498977940840266,-0.5980403358393426,-0.6779286756012541,-0.6724972686395966,-0.6630585317588568,-0.6527242181386989,0.057442447211663146,-0.2569895184166682,-0.296801274077391,-0.3080625617347319,-0.3141361173103375,-0.2933820579246719,0
-0.6742763585750711,0.8101607396241002,0.18582825781919723,-1.0572950302584874,-0.052670117662610455,-0.8749911476765541,-0.7235699301761651,-0.6966634563390405,-0.6665987314195115,-0.6475647597375246,0.2531373775731533,-0.6563939919745665,-0.5533461588636672,-0.48408090629333994,-0.6663416799721096,-0.6565449606033014,-0.6460746919087799,0.249496976870032,0.3264617063426668,-0.27430979530382876,-0.28278472679398564,-0.3141361173103375,-0.2711062957228286,0
0.019389322566203633,-1.234322957273864,0.18582825781919723,0.858557283570615,0.706734256463593,0.01486052289860516,0.11173610381332785,0.13886479544680802,0.1887460907612133,0.23491651545670353,0.2531373775731533,0.6914907675562048,0.7224822114913235,0.809578613748385,0.7900768165216373,0.9147060449663532,1.0150978608018815,-0.10031878699057446,-0.035336211502592176,-0.09233328522682525,-0.08464735392510597,0.013130756413883395,-0.12462628366828325,0
-0.9054982522888293,0.8101607396241002,0.18582825781919723,0.858557283570615,-0.7035881526279277,0.9047121934737644,1.782348171792314,1.809921299018505,1.899435735122663,0.23491651545670353,0.2531373775731533,-0.3965841831607189,-0.37718281685768873,-0.3744313907226058,-0.3627747832868749,-0.323596204717564,-0.3369892643478756,-0.28156609853864845,-0.1701857953251953,-0.2400046105077894,-0.24422964521769594,-0.24868274256549333,-0.23713013317254236,0
0.3276851808512146,0.8101607396241002,-1.0794572016850958,0.858557283570615,1.5746249697506827,-0.8749911476765541,-0.7235699301761651,-1.5321917081248893,-0.6665987314195115,-0.6475647597375246,-0.6164516900089603,-0.6744425642349607,-0.6909834294244078,-0.6779286756012541,-0.6599684694830448,-0.6310663704013941,-0.6527242181386989,-0.34194161870789364,-0.2569895184166682,-0.2510231632402921,-0.18390753910909693,-0.3141361173103375,-0.21941077687562155,0
-1.1367201460025875,-1.234322957273864,0.18582825781919723,0.858557283570615,1.4661386305897965,0.01486052289860516,0.11173610381332785,0.13886479544680802,0.1887460907612133,-0.6475647597375246,-0.6164516900089603,-0.44766069201801234,-0.42290266969605644,-0.4058092636686759,-0.3973611085019216,-0.6566436510753553,-0.6305591307056357,-0.24407290051354721,-0.20091431329957668,-0.23057636435523554,-0.2831677242930879,-0.2277376626471432,-0.2933820579246719,1
-1.2137941105738403,-1.234322957273864,0.18582825781919723,0.858557283570615,-0.812074491788814,0.9047121934737644,1.782348171792314,1.809921299018505,1.899435735122663,1.9998790658451597,1.9923155127373806,-0.6451628638636966,-0.6395731831012402,-0.5965999975608884,-0.5885418787580382,-0.551028397565706,-0.5424529081592095,-0.33288529068250683,-0.161505423016048,-0.296801274077391,-0.21231318695917795,-0.3141361173103375,0.04412949058810542,1
0.25061121627996186,0.8101607396241002,-1.0794572016850958,-1.0572950302584874,0.27278889982004817,0.01486052289860516,0.11173610381332785,0.13886479544680802,0.1887460907612133,0.23491651545670353,0.2531373775731533,1.8188678763781556,1.8390498160433337,1.916211014254021,1.981183223680365,2.0435770095545385,2.1233858159208476,0.050499262392199956,0.09022537394922334,0.130309635966013,0.074934937367484,0.085129468633212,0.12850737771629975,0
-1.1367201460025875,0.8101607396241002,1.4511137173234903,-1.0572950302584874,-1.0290471701105863,0.01486052289860516,0.11173610381332785,0.13886479544680802,1.899435735122663,0.23491651545670353,0.2531373775731533,-0.4882530038963559,-0.4562441604106989,-0.3808627010782801,-0.3623550840595462,-0.3408999341510091,-0.3416069908964304,-0.22119057836940328,-0.06168114146085419,-0.296801274077391,-0.2652306747518008,-0.2683187549889466,-0.1808782084204128,1
-0.5972023940038184,-1.234322957273864,0.18582825781919723,-1.0572950302584874,0.3812752389809344,1.7945638640489239,1.782348171792314,1.809921299018505,1.899435735122663,1.9998790658451597,1.9923155127373806,-0.33585189185260506,-0.2689950888750731,-0.2558847484939096,-0.17855791132124854,-0.12920887159545924,-0.11874711179672254,-0.10043953803091296,-0.2569895184166682,-0.1264112833685862,-0.21231318695917795,-0.3141361173103375,-0.14712705356913508,1
-0.9054982522888293,-1.234322957273864,0.18582825781919723,0.858557283570615,-0.9205608309497002,-1.7648428182517135,-1.5588759641656582,-1.5321917081248893,-1.5219435536002364,-1.5300460349317528,-1.486040757591074,-0.695641827815454,-0.6909834294244078,-0.6779286756012541,-0.6724972686395966,-0.6630585317588568,-0.6527242181386989,-0.34194161870789364,-0.2569895184166682,-0.296801274077391,-0.3080625617347319,-0.3141361173103375,-0.2933820579246719,0
-0.9054982522888293,-1.234322957273864,1.4511137173234903,0.858557283570615,0.8152205956244792,-0.8749911476765541,-0.7235699301761651,-0.6966634563390405,0.1887460907612133,-0.6475647597375246,-0.6164516900089603,-0.6390651897140224,-0.6324496534795278,-0.6171340467682432,-0.6077392323043675,-0.5945344473294535,-0.5827698588613192,-0.09041720168281826,-0.07400727013984335,-0.06302620682491084,-0.042134631524760005,-0.041457358123316655,-0.059036539407300186,0
-0.3659805002900601,0.8101607396241002,0.18582825781919723,-1.0572950302584874,-0.7035881526279277,0.9047121934737644,1.782348171792314,0.13886479544680802,0.1887460907612133,0.23491651545670353,0.2531373775731533,1.0211046857894857,1.0064679722685477,1.079794588535338,1.2116102849178785,1.3383513446695967,1.3969922422338177,-0.34194161870789364,-0.05734095530628055,-0.040534728051348605,-0.014431145756366387,-0.013050593484054277,-0.0008720492135982245,1
0.17353725170870912,-1.234322957273864,0.18582825781919723,-1.0572950302584874,0.5982479173027069,1.7945638640489239,1.782348171792314,0.13886479544680802,0.1887460907612133,0.23491651545670353,0.2531373775731533,1.0341148680509287,0.9597505442760546,1.0173993421025962,0.9287485501141909,1.0037577475829613,0.8789336986846775,-0.34194161870789364,0.0034216508577504657,-0.012817956229383025,-0.09741393722851317,0.013130756413883395,-0.06837435891615369,1
0.09646328713745637,0.8101607396241002,0.18582825781919723,-1.0572950302584874,-0.5951018134670415,0.9047121934737644,-0.7235699301761651,-0.6966634563390405,-0.6665987314195115,0.23491651545670353,0.2531373775731533,-0.6740351472539136,-0.6888758762818894,-0.5505425866280999,-0.3683707729845903,-0.4299845335916352,-0.5013131625448121,-0.33288529068250683,0.12742076929391946,0.8144254486618643,-0.27601843764317985,-0.11777599307580497,-0.1411080976206572,0
-1.1367201460025875,-1.234322957273864,0.18582825781919723,0.858557283570615,-1.2460198484323588,-0.8749911476765541,-0.7235699301761651,1.809921299018505,-0.6665987314195115,0.23491651545670353,0.2531373775731533,-0.6903454070618394,-0.6800241530833118,-0.6723048840346332,-0.6603726242945465,-0.6502287703918537,-0.6527242181386989,-0.2948487129758824,-0.2569895184166682,-0.25249987649310174,-0.3080625617347319,-0.3141361173103375,-0.2933820579246719,1
0.4047591454224674,0.8101607396241002,1.4511137173234903,0.858557283570615,-0.2696427959843829,-0.8749911476765541,0.11173610381332785,0.13886479544680802,0.1887460907612133,0.23491651545670353,0.2531373775731533,1.7411191358283007,1.8013667658551034,1.851018292016345,2.100113549172645,2.259117000520189,2.37559764413646,0.08316241880376159,0.04339476534137372,0.09271024468293673,0.08891434608471488,0.10535456142936885,0.0811995089997588,0
-0.3659805002900601,0.8101607396241002,-1.0794572016850958,-1.0572950302584874,0.16430256065916196,0.01486052289860516,0.11173610381332785,0.13886479544680802,0.1887460907612133,-0.6475647597375246,-0.6164516900089603,-0.4087116286298928,-0.4644776680208044,-0.5044995956736871,-0.5812515477351812,-0.6138119862039759,-0.6556627713968701,-0.03885650745828289,-0.039980210687985976,-0.2400046105077894,-0.11694680968272618,-0.3141361173103375,-0.2933820579246719,0
1.4837946494200058,0.8101607396241002,-1.0794572016850958,0.858557283570615,-1.0290471701105863,-1.7648428182517135,-1.5588759641656582,-1.5321917081248893,-1.5219435536002364,-1.5300460349317528,-1.486040757591074,-0.6936726457403922,-0.64144188022094,-0.5552146596219081,-0.5507689482984591,-0.5172598077112737,-0.47061787479660033,-0.12458974609861102,0.11236032333754893,-0.06961461979898462,0.011102020850448008,0.013130756413883395,0.010265831887323428,1
-0.13475860657630187,0.8101607396241002,-1.0794572016850958,-1.0572950302584874,-0.052670117662610455,0.01486052289860516,0.11173610381332785,0.13886479544680802,0.1887460907612133,0.23491651545670353,0.2531373775731533,-0.17300732452800904,-0.07994757199116491,0.017027762249346018,-0.17097223639767875,-0.24232460098120254,-0.6527242181386989,0.1410625426460677,-0.03238488491748209,-0.1264112833685862,0.3302666034356279,-0.3141361173103375,-0.2933820579246719,0
1.2525727557062476,-1.234322957273864,0.18582825781919723,-1.0572950302584874,1.7915976480724551,0.01486052289860516,0.11173610381332785,0.13886479544680802,0.1887460907612133,0.23491651545670353,0.2531373775731533,0.9369051763730486,0.9881322599286368,1.03647697349398,1.001978293075128,0.9298385840146133,0.7748249546808961,-0.04006401786166779,-0.039980210687985976,-0.012817956229383025,0.011102020850448008,-0.08504930570338287,-0.012122434164024136,0
-0.28890653571880737,-1.234322957273864,-1.0794572016850958,0.858557283570615,0.5982479173027069,-0.8749911476765541,-0.7235699301761651,-0.6966634563390405,-0.6665987314195115,-0.6475647597375246,-0.6164516900089603,-0.6767376798948604,-0.6909834294244078,-0.667892370651592,-0.6557714772097583,-0.6578608335640196,-0.6410371720376292,-0.34194161870789364,-0.2267818227808356,-0.23568806407649967,-0.28789136011534855,-0.26858056848792594,-0.25423071829718974,1
-0.5201284294325655,-1.234322957273864,1.4511137173234903,-1.0572950302584874,2.225543004716,0.9047121934737644,1.782348171792314,1.809921299018505,1.899435735122663,1.9998790658451597,1.9923155127373806,-0.0027477681483526178,0.06602155865966543,0.10141347570541343,0.1388124266183509,0.24408783894830174,0.2854802743973151,-0.07701383620524584,-0.1701857953251953,-0.296801274077391,-0.03919831736497635,-0.1749822426027988,-0.2933820579246719,0
0.5589070745649728,0.8101607396241002,-1.0794572016850958,-1.0572950302584874,0.16430256065916196,1.7945638640489239,0.11173610381332785,0.13886479544680802,0.1887460907612133,-1.5300460349317528,-1.486040757591074,0.912324351849863,0.9917432009794852,0.3610307663860418,-0.6724972686395966,-0.6630585317588568,-0.6527242181386989,-0.003959456800459184,-0.08338207223372242,-0.296801274077391,-0.3080625617347319,-0.3141361173103375,-0.2933820579246719,1
1.4837946494200058,-1.234322957273864,-1.0794572016850958,0.858557283570615,-1.0290471701105863,0.01486052289860516,-0.7235699301761651,-0.6966634563390405,0.1887460907612133,-0.6475647597375246,-0.6164516900089603,-0.5338972863396857,-0.6719311490160408,-0.6191961036760043,-0.395620133929299,-0.6140258155600926,-0.6202154232368728,-0.25137833845402585,-0.039980210687985976,0.5551486794666329,-0.11656381218362397,-0.18322936782064916,-0.23527381965572208,0
-0.8284242877175766,0.8101607396241002,-1.0794572016850958,0.858557283570615,-1.354506187593245,0.9047121934737644,1.782348171792314,1.809921299018505,1.899435735122663,1.9998790658451597,1.9923155127373806,-0.29729666487949785,-0.28946645506606933,-0.2337212417300723,-0.18127818409097132,-0.1309688516804199,-0.0991847429637539,-0.34194161870789364,-0.13941387548926815,-0.20592661236602844,-0.21869647861088154,-0.22904673014204008,-0.22587974822211646,1
1.1754987911349948,-1.234322957273864,0.18582825781919723,-1.0572950302584874,-0.3781291351452691,0.01486052289860516,0.11173610381332785,0.13886479544680802,0.1887460907612133,0.23491651545670353,0.2531373775731533,-0.10807863831510824,-0.2974751570076396,-0.3176310958997333,-0.3018562176609117,-0.32339882377345625,-0.6527242181386989,-0.249687823889287,-0.12595929841008985,-0.18195842033965656,-0.18039672870065995,-0.3141361173103375,4.353026926601229,0
1.8691644722762695,0.8101607396241002,0.18582825781919723,-1.0572950302584874,0.5982479173027069,0.01486052289860516,0.11173610381332785,0.13886479544680802,0.1887460907612133,0.23491651545670353,0.2531373775731533,4.118750314956061,4.4186527114231104,4.654233248344538,5.059956855620948,5.412294031053325,5.5273555349877155,0.5395409757630858,0.4157393355422467,0.4983520158970314,0.5587884445666168,0.602211129117481,0.7754045123657897,1
-0.6742763585750711,0.8101607396241002,0.18582825781919723,-1.0572950302584874,1.140679613107138,0.9047121934737644,-1.5588759641656582,-1.5321917081248893,-1.5219435536002364,-1.5300460349317528,-0.6164516900089603,-0.695641827815454,-0.6909834294244078,-0.6779286756012541,-0.6724972686395966,-0.6630585317588568,-0.6418095917512057,-0.34194161870789364,-0.2569895184166682,-0.296801274077391,-0.3080625617347319,-0.2715914237261888,-0.2933820579246719,1
2.023312401418775,0.8101607396241002,0.18582825781919723,0.858557283570615,-0.9205608309497002,-1.7648428182517135,-1.5588759641656582,-1.5321917081248893,-1.5219435536002364,-1.5300460349317528,-1.486040757591074,-0.692070138948273,-0.6872881862478588,-0.6185327846707105,-0.6042572831591224,-0.3184314033467448,-0.39141127068920717,-0.23543920112934513,-0.07817384884823404,-0.26641505906765417,1.0317903559578534,-0.150109960199758,-0.26525609554860713,1
-1.1367201460025875,-1.234322957273864,1.4511137173234903,-1.0572950302584874,1.7915976480724551,0.01486052289860516,0.11173610381332785,2.645449550804354,1.899435735122663,0.23491651545670353,0.2531373775731533,-0.4776873235211965,-0.41044000544663045,-0.3986425344158281,-0.38089957214114206,-0.34838396161509416,-0.3247312993280755,-0.06910464306307472,-0.2569895184166682,-0.296801274077391,-0.26446467975359633,-0.267729674616243,-0.23561133120423486,1
0.9442768974212365,0.8101607396241002,0.18582825781919723,-1.0572950302584874,1.5746249697506827,0.01486052289860516,0.11173610381332785,0.13886479544680802,0.1887460907612133,0.23491651545670353,0.2531373775731533,3.009123005941736,2.9801774398828265,2.8800567888809865,2.8134934247205727,3.173550017747325,3.1438865914185605,0.26839451468300574,0.182497731595459,0.10617105394893231,1.6214150058257149,2.317940441304082,1.9685640882832096,0
-0.13475860657630187,0.8101607396241002,1.4511137173234903,0.858557283570615,-0.3781291351452691,0.01486052289860516,0.11173610381332785,0.13886479544680802,0.1887460907612133,0.23491651545670353,0.2531373775731533,0.851619221673819,0.5340248094873205,0.4971697822333987,0.5256352144729295,0.4377843387660294,0.20165594374136708,-0.1910028182847807,-0.12678393377945885,-0.18320794693818782,0.011102020850448008,0.016730692024849825,-0.012122434164024136,1
0.3276851808512146,-1.234322957273864,-1.0794572016850958,0.858557283570615,0.05581622149827576,-0.8749911476765541,-0.7235699301761651,1.809921299018505,-0.6665987314195115,-0.6475647597375246,-0.6164516900089603,-0.6829983208369536,-0.6549864217501921,-0.667315571516554,-0.66830027636631,-0.6707234917550406,-0.6225326823776022,-0.18677653187293353,-0.2569895184166682,-0.28146617491359854,-0.3080625617347319,-0.11777599307580497,-0.2933820579246719,0
0.09646328713745637,-1.234322957273864,0.18582825781919723,-1.0572950302584874,0.5982479173027069,-0.8749911476765541,-0.7235699301761651,-0.6966634563390405,-0.6665987314195115,-0.6475647597375246,-0.6164516900089603,-0.683976121591467,-0.665538237817068,-0.6586780044693591,-0.6668080124469192,-0.6332704576105972,-0.6220289303904871,-0.23260155168139063,-0.19904803325311002,-0.2760136952109168,-0.19246114992237975,-0.19448734827676234,-0.2727938534653925,1
-0.3659805002900601,0.8101607396241002,-1.0794572016850958,0.858557283570615,-0.7035881526279277,0.01486052289860516,0.11173610381332785,0.13886479544680802,0.1887460907612133,0.23491651545670353,0.2531373775731533,0.8048477522495917,0.8192610517957724,0.7211120464119234,0.6687215621603475,0.773628015165347,0.7185894411859501,-0.10043953803091296,-0.039980210687985976,-0.1264112833685862,-0.09741393722851317,-0.11712145932835653,-0.12462628366828325,0
-0.2118325711475546,0.8101607396241002,0.18582825781919723,-1.0572950302584874,0.16430256065916196,0.9047121934737644,-0.7235699301761651,-0.6966634563390405,0.1887460907612133,0.23491651545670353,-1.486040757591074,-0.695641827815454,-0.688496516716236,-0.6568755071723652,-0.6498024215321951,-0.6630585317588568,-0.6527242181386989,-0.33125515163793723,-0.19362280055989298,-0.296801274077391,-0.3080625617347319,-0.3141361173103375,-0.2933820579246719,1
2.562830153417544,-1.234322957273864,1.4511137173234903,-1.0572950302584874,0.8152205956244792,0.01486052289860516,0.11173610381332785,0.13886479544680802,0.1887460907612133,0.23491651545670353,0.2531373775731533,0.08270115334329596,0.08174390510285334,-0.04019071194642901,-0.03965301149129014,-0.049351831291869916,-0.19820559189767323,-0.09681700682075825,-0.039372584626345665,-0.012533972911535017,-0.05273089566658798,0.013130756413883395,-0.2933820579246719,0
-0.5201284294325655,0.8101607396241002,-1.0794572016850958,0.858557283570615,0.05581622149827576,0.01486052289860516,0.11173610381332785,1.809921299018505,0.1887460907612133,0.23491651545670353,1.9923155127373806,-0.5507100270909032,-0.5360782734492991,-0.5944225808261199,-0.6161798500984216,-0.5717040514609917,-0.5635769081522349,-0.19975726870932126,-0.2569895184166682,-0.2684029422925902,-0.18039672870065995,-0.3141361173103375,-0.23713013317254236,0
-1.0596461814313347,0.8101607396241002,0.18582825781919723,0.858557283570615,-1.354506187593245,0.01486052289860516,0.11173610381332785,0.13886479544680802,1.899435735122663,0.23491651545670353,0.2531373775731533,-0.5523668561471622,-0.5270157949364697,-0.4837059868555652,-0.4541759483495601,-0.4244085219205916,-0.36790284462383716,-0.2634534424878749,-0.1701857953251953,-0.23432494415082925,-0.24422964521769594,-0.13741200549925822,-0.26525609554860713,1
-1.0596461814313347,-1.234322957273864,0.18582825781919723,0.858557283570615,-0.16115645682349666,-0.8749911476765541,-0.7235699301761651,-0.6966634563390405,-0.6665987314195115,-1.5300460349317528,-1.486040757591074,-0.6903454070618394,-0.6909834294244078,-0.6666810924680121,-0.6724972686395966,-0.6630585317588568,-0.6527242181386989,-0.34194161870789364,-0.22313606641099373,-0.296801274077391,-0.3080625617347319,-0.3141361173103375,-0.2933820579246719,0
-0.7513503231463238,0.8101607396241002,-1.0794572016850958,0.858557283570615,0.16430256065916196,0.01486052289860516,0.11173610381332785,0.13886479544680802,0.1887460907612133,0.23491651545670353,0.2531373775731533,0.18519368520875557,0.21572808354989523,0.021339335783755475,0.08644328969723072,-0.35053870358827033,0.002153365110894746,-0.20911547433555425,-0.12678393377945885,-0.21728594507994875,-0.27614610347621393,0.9949313775865462,-0.2933820579246719,0
-0.9054982522888293,-1.234322957273864,0.18582825781919723,0.858557283570615,0.8152205956244792,0.01486052289860516,0.11173610381332785,0.13886479544680802,0.1887460907612133,0.23491651545670353,0.2531373775731533,-0.5236982812474689,-0.49788941050686414,-0.4648446551398208,-0.4796843347216463,-0.4857939955380983,-0.37403182713373717,-0.24534078643710136,-0.1873295306357612,-0.18320794693818782,-0.27614610347621393,0.07858413115872757,0.04412949058810542,1
0.7130550037074783,0.8101607396241002,1.4511137173234903,-1.0572950302584874,2.551002022198659,0.01486052289860516,0.11173610381332785,0.13886479544680802,0.1887460907612133,0.23491651545670353,0.2531373775731533,2.82016301013201,2.9787302533916304,3.107978967091274,3.036617969501148,2.546832623381236,2.6346101241781263,0.26181358298455804,0.22043095858643266,0.44536072878659305,0.330458102185179,0.20949088064841595,0.3528400536277924,0
1.6379425785625112,0.8101607396241002,1.4511137173234903,0.858557283570615,-0.4866154743061553,-0.8749911476765541,-0.7235699301761651,-0.6966634563390405,-0.6665987314195115,-0.6475647597375246,-0.6164516900089603,-0.6432344234867395,-0.5618044721423081,-0.4593650633569593,-0.4992236654161693,-0.4577330046507815,-0.42301331201422604,0.2159281876559317,0.40415103850953504,0.3394349512292861,0.48940206431259864,0.5857168786817804,0.7225839550235401,0
0.7130550037074783,0.8101607396241002,0.18582825781919723,-1.0572950302584874,0.48976157814182064,0.01486052289860516,0.11173610381332785,0.13886479544680802,0.1887460907612133,0.23491651545670353,0.2531373775731533,1.1866517857550285,1.2198507027714027,1.2507722721389931,1.4268227220425176,1.539186455299221,1.571945307358882,-0.04791283548366966,0.016746022352291553,-0.012420379584395813,0.012059514598203548,-0.0017271596531962341,-0.025060376857013934,0
-0.5972023940038184,0.8101607396241002,1.4511137173234903,-1.0572950302584874,2.008570326394228,-1.7648428182517135,-1.5588759641656582,-1.5321917081248893,-1.5219435536002364,-1.5300460349317528,-1.486040757591074,-0.695641827815454,-0.6909834294244078,-0.6779286756012541,-0.6724972686395966,-0.633369148082651,-0.6527242181386989,-0.34194161870789364,-0.2569895184166682,-0.296801274077391,-0.19284414742148195,-0.3141361173103375,-0.2933820579246719,1
-0.9054982522888293,0.8101607396241002,0.18582825781919723,0.858557283570615,-1.354506187593245,1.7945638640489239,0.11173610381332785,0.13886479544680802,-1.5219435536002364,-0.6475647597375246,-0.6164516900089603,-0.5770834863306968,-0.6293304748286004,-0.6779286756012541,-0.6724972686395966,-0.5740397259662665,-0.5450220432934965,-0.28156609853864845,-0.2569895184166682,-0.296801274077391,0.037401182455466836,-0.18322936782064916,-0.2933820579246719,1
-1.0596461814313347,-1.234322957273864,1.4511137173234903,-1.0572950302584874,1.140679613107138,0.9047121934737644,1.782348171792314,0.13886479544680802,0.1887460907612133,0.23491651545670353,0.2531373775731533,-0.43050843711592207,-0.4251928774442598,-0.38947142816872304,-0.34508523807576336,-0.31079934017457894,-0.2721060084074543,-0.34194161870789364,-0.18320635378891623,-0.20024694600906828,-0.24422964521769594,-0.19965816488160504,-0.2933820579246719,1
0.7130550037074783,0.8101607396241002,-1.0794572016850958,0.858557283570615,-0.5951018134670415,0.9047121934737644,1.782348171792314,0.13886479544680802,0.1887460907612133,0.23491651545670353,0.2531373775731533,0.6155482422889926,0.6313516136088242,0.7163246135911076,0.8978462514501401,0.8787827131387448,0.9629427384025677,-0.34194161870789364,-0.039980210687985976,0.04397870734021857,0.011102020850448008,-0.05232261833096079,0.15663334009236454,0
0.09646328713745637,0.8101607396241002,0.18582825781919723,2.7744095973997176,1.7915976480724551,-1.7648428182517135,-1.5588759641656582,-1.5321917081248893,-1.5219435536002364,-1.5300460349317528,-1.486040757591074,-0.695641827815454,-0.6909834294244078,-0.6758377787367412,-0.6724972686395966,-0.6630585317588568,-0.6527242181386989,-0.34194161870789364,-0.25069624849253636,-0.296801274077391,-0.3080625617347319,-0.3141361173103375,-0.2933820579246719,0
-1.2137941105738403,0.8101607396241002,0.18582825781919723,0.858557283570615,-1.2460198484323588,-0.8749911476765541,-0.7235699301761651,-0.6966634563390405,-0.6665987314195115,-0.6475647597375246,1.9923155127373806,-0.6186943406616586,-0.6828904253571368,-0.6532849325567534,-0.6496469773739253,-0.6299972236208105,-0.639626666473707,-0.3071653190904084,-0.1828157370350046,-0.21331017863007665,-0.17975839953548958,-0.3141361173103375,-0.232629979192372,1
3.4106437637013243,0.8101607396241002,-1.0794572016850958,0.858557283570615,0.05581622149827576,-1.7648428182517135,-1.5588759641656582,-1.5321917081248893,-1.5219435536002364,-1.5300460349317528,-1.486040757591074,-0.6837724131009434,-0.6945803201209727,-0.6816057700871218,-0.6808601643545157,1.1066590131111291,2.1845077236908095,-0.34194161870789364,-0.25694611655512245,-0.296801274077391,6.594190701252369,1.6949552204826548,-0.2833129633940407,0
-0.2118325711475546,-1.234322957273864,0.18582825781919723,-1.0572950302584874,-0.812074491788814,-0.8749911476765541,-0.7235699301761651,-0.6966634563390405,1.899435735122663,-0.6475647597375246,-0.6164516900089603,-0.6140633676437546,-0.5879662318181043,-0.5628139882260345,-0.6215582179745592,-0.6143054385642452,-0.5722750257964219,0.10121469933436589,0.08948754230294582,-0.296801274077391,-0.11886179717823726,4.008146491455883e-05,-0.16102127898291108,1
-1.0596461814313347,-1.234322957273864,-1.0794572016850958,0.858557283570615,0.05581622149827576,0.01486052289860516,0.11173610381332785,0.13886479544680802,0.1887460907612133,0.23491651545670353,0.2531373775731533,-0.5607324848246662,-0.5461945285333879,-0.6578272257451779,-0.6477194698113788,-0.6537487305617751,-0.6527242181386989,-0.28156609853864845,-0.21358765687093173,-0.2854419413634707,-0.3080625617347319,-0.3141361173103375,-0.2933820579246719,0
2.17746033056128,-1.234322957273864,0.18582825781919723,0.858557283570615,0.05581622149827576,-1.7648428182517135,-1.5588759641656582,-1.5321917081248893,-1.5219435536002364,-1.5300460349317528,-1.486040757591074,-0.5868343327437616,-0.6346555591020304,-0.6025698686085323,-0.5992053480153515,-0.609189982429453,-0.5448877094302658,-0.0991716521073588,-0.029520362055463493,-0.028209852056745057,-0.09843526389278574,0.10744906942120386,-0.05234256036179677,1
-0.6742763585750711,-1.234322957273864,0.18582825781919723,0.858557283570615,-0.16115645682349666,1.7945638640489239,1.782348171792314,1.809921299018505,1.899435735122663,1.9998790658451597,1.9923155127373806,0.28972330197945156,0.40084150123443557,0.46678688779526917,0.5324903018526309,0.6956954390668081,0.7100592408708016,0.08068702247682254,-0.10508300300659063,-0.296801274077391,0.13876785388451998,-0.3141361173103375,-0.06837435891615369,1
-0.6742763585750711,-1.234322957273864,0.18582825781919723,0.858557283570615,1.3576522914289104,0.01486052289860516,0.11173610381332785,0.13886479544680802,0.1887460907612133,0.23491651545670353,0.2531373775731533,0.3140596763140088,0.3701555274793664,0.43886980965942735,0.07531348796510783,-0.019859828559771947,0.010985816618312341,-0.13666485013246005,-0.08338207223372242,-0.18320794693818782,-0.18039672870065995,-0.22099596504842425,-0.1696278234699869,0
0.5589070745649728,0.8101607396241002,0.18582825781919723,-1.0572950302584874,-0.052670117662610455,-1.7648428182517135,-1.5588759641656582,-1.5321917081248893,-1.5219435536002364,-1.5300460349317528,-1.486040757591074,-0.6224289963212586,-0.5873620665839157,-0.6071554217320849,-0.5848578522070422,-0.620588731951675,-0.5834247364445688,0.10332784254028947,-0.04397318195019372,0.023418315128022792,-0.14292680670515984,-0.04401003973836558,-0.01538504579964765,0
-1.1367201460025875,-1.234322957273864,1.4511137173234903,2.7744095973997176,2.551002022198659,1.7945638640489239,0.11173610381332785,0.13886479544680802,0.1887460907612133,0.23491651545670353,0.2531373775731533,-0.4881171982360068,-0.4617378489355304,-0.4277853107136258,-0.3918428408833411,-0.35456856453047,-0.3118688319237373,-0.24558228851777833,-0.18754653994348985,-0.22296561143690893,-0.24422964521769594,-0.18322936782064916,-0.2933820579246719,1
-1.0596461814313347,-1.234322957273864,0.18582825781919723,0.858557283570615,-1.2460198484323588,1.7945638640489239,0.11173610381332785,0.13886479544680802,0.1887460907612133,1.9998790658451597,1.9923155127373806,-0.34457061524701676,-0.31286029494802453,-0.2808745710194333,-0.21898893688724247,-0.19222273800185485,-0.14254099732145778,-0.23453356832680647,-0.1961401085295457,-0.18082248706826454,-0.3080625617347319,-0.17066231986963906,-0.2933820579246719,1
-0.6742763585750711,0.8101607396241002,0.18582825781919723,0.858557283570615,-0.9205608309497002,0.01486052289860516,0.11173610381332785,0.13886479544680802,0.1887460907612133,0.23491651545670353,0.2531373775731533,0.06007593032913726,0.12024187583952435,0.16675039772684908,0.26279468725440147,0.2979563882777055,0.3246218037961562,-0.16081505820015812,-0.08672401557274412,-0.154809615153387,-0.17401343704895636,-0.17013869287168032,-0.1766593140640031,0
-0.5972023940038184,0.8101607396241002,0.18582825781919723,0.858557283570615,-1.0290471701105863,0.01486052289860516,0.11173610381332785,0.13886479544680802,0.1887460907612133,0.23491651545670353,0.2531373775731533,0.14610881616028693,-0.04012886795184899,-0.04763142078841991,0.03436949667682332,0.09963788468545491,0.14694847794067029,-0.22119057836940328,-0.16584560917062163,-0.154809615153387,-0.20273824948162253,-0.18322936782064916,-0.1808782084204128,0
1.406720684848753,-1.234322957273864,-1.0794572016850958,0.858557283570615,-0.5951018134670415,1.7945638640489239,1.782348171792314,-0.6966634563390405,1.899435735122663,0.23491651545670353,0.2531373775731533,-0.6843427968744096,-0.6909834294244078,-0.6513382354759999,-0.6530978376875164,-0.6493734529673869,-0.6457388572507032,-0.34194161870789364,-0.1769564857263302,-0.296801274077391,-0.3080625617347319,-0.3141361173103375,-0.24658045653090013,1
-1.2137941105738403,-1.234322957273864,0.18582825781919723,-1.0572950302584874,-0.5951018134670415,-0.8749911476765541,-0.7235699301761651,-0.6966634563390405,-0.6665987314195115,-1.5300460349317528,-1.486040757591074,-0.6903454070618394,-0.6909834294244078,-0.6666810924680121,-0.6724972686395966,-0.6630585317588568,-0.6527242181386989,-0.34194161870789364,-0.22313606641099373,-0.296801274077391,-0.3080625617347319,-0.3141361173103375,-0.2933820579246719,1
0.25061121627996186,0.8101607396241002,-1.0794572016850958,0.858557283570615,-0.3781291351452691,0.01486052289860516,0.11173610381332785,0.13886479544680802,0.1887460907612133,1.9998790658451597,0.2531373775731533,2.2804848964707536,2.2892512679938495,2.297013803206145,2.510797015321649,2.552194805696163,2.565008391291727,0.13804376663760545,0.07720481548550241,0.37339935604390784,-0.05273089566658798,0.3403976301381043,0.26913718959662364,0
-0.982572216860082,-1.234322957273864,-1.0794572016850958,0.858557283570615,-0.9205608309497002,1.7945638640489239,0.11173610381332785,0.13886479544680802,0.1887460907612133,0.23491651545670353,0.2531373775731533,-0.5573780850140436,-0.5356146117579451,-0.512517103650716,-0.4894462278609943,-0.45482163572519235,-0.44014087957613846,-0.1910028182847807,-0.1701857953251953,-0.2116062787229886,-0.15933186625003806,-0.16359335539719588,-0.23713013317254236,1
-0.9054982522888293,-1.234322957273864,-1.0794572016850958,0.858557283570615,-0.4866154743061553,0.01486052289860516,0.11173610381332785,0.13886479544680802,0.1887460907612133,0.23491651545670353,0.2531373775731533,-0.0283063934260517,0.0014320800186155612,-0.0654833540178477,0.024048004567703757,0.08861744863943949,0.131029915147834,-0.23888060577899212,-0.1724426921255736,0.3703323362111493,-0.20369574322937808,-0.2020799397471643,-0.06837435891615369,1
-0.13475860657630187,0.8101607396241002,-1.0794572016850958,0.858557283570615,-0.812074491788814,0.01486052289860516,0.11173610381332785,0.13886479544680802,0.1887460907612133,0.23491651545670353,0.2531373775731533,-0.5218241631346514,-0.4981282665296829,-0.46670483235031857,-0.4841766708956456,-0.4555947110896143,-0.3970700846777998,-0.24534078643710136,-0.1918867260980635,-0.20592661236602844,-0.24422964521769594,-0.11777599307580497,-0.1696278234699869,0
0.25061121627996186,0.8101607396241002,-1.0794572016850958,-1.0572950302584874,0.16430256065916196,0.01486052289860516,0.11173610381332785,0.13886479544680802,0.1887460907612133,1.9998790658451597,1.9923155127373806,-0.18015070226237126,-0.12212673555010155,-0.07820177494543681,0.010944062025553475,0.07254735010666777,0.12023283089066762,-0.1594264212362655,-0.18754653994348985,-0.13209094972554639,-0.20592989530747435,-0.18322936782064916,-0.2933820579246719,0
0.019389322566203633,-1.234322957273864,0.18582825781919723,-1.0572950302584874,1.7915976480724551,2.684415534624083,1.782348171792314,1.809921299018505,-1.5219435536002364,-0.6475647597375246,-0.6164516900089603,-0.6659818715952124,-0.6630232244003292,-0.6779286756012541,-0.6724972686395966,-0.5980050622633478,-0.6312643834875968,-0.34194161870789364,-0.2569895184166682,-0.296801274077391,-0.0556033769098546,-0.23048670438642666,-0.21935452495086943,0
0.4047591454224674,0.8101607396241002,-1.0794572016850958,-1.0572950302584874,0.5982479173027069,0.01486052289860516,0.11173610381332785,1.809921299018505,0.1887460907612133,0.23491651545670353,0.2531373775731533,1.1873987168869484,1.5105525328961191,1.4958542246166626,1.7288196327292265,1.9109041182901199,1.947811456678341,0.9863198250155,-0.2569895184166682,0.15757203447942175,0.13876785388451998,0.11131081853114967,-0.012122434164024136,0
-1.1367201460025875,-1.234322957273864,1.4511137173234903,0.858557283570615,-1.354506187593245,0.9047121934737644,1.782348171792314,1.809921299018505,2.7547805573033877,1.9998790658451597,1.9923155127373806,-0.5717055821808729,-0.566848549330069,-0.5180399553687054,-0.5074466613886456,-0.49357409441834504,-0.4641194741628159,-0.34194161870789364,-0.15282505070690072,-0.296801274077391,-0.3080625617347319,-0.24213740509100892,-0.2933820579246719,1
-1.1367201460025875,-1.234322957273864,1.4511137173234903,-1.0572950302584874,1.7915976480724551,0.9047121934737644,1.782348171792314,1.809921299018505,-1.5219435536002364,-1.5300460349317528,-1.486040757591074,-0.5533989791658153,-0.5504798865898421,-0.6779286756012541,-0.6724972686395966,-0.6630585317588568,-0.6527242181386989,-0.34194161870789364,-0.2569895184166682,-0.296801274077391,-0.3080625617347319,-0.3141361173103375,-0.2933820579246719,1
1.4837946494200058,-1.234322957273864,0.18582825781919723,-1.0572950302584874,1.249165952268024,0.01486052289860516,-0.7235699301761651,-0.6966634563390405,-0.6665987314195115,-0.6475647597375246,-0.6164516900089603,-0.5830725159520918,-0.6855178416081432,-0.6723193040130091,-0.6664504908828985,-0.6566600994873643,-0.6461922340391067,-0.318395165841888,-0.24006279241383097,-0.2746505752852464,-0.2831677242930879,-0.2886093011598483,-0.27228758614262333,0
-0.28890653571880737,0.8101607396241002,0.18582825781919723,0.858557283570615,-1.4629925267541313,0.01486052289860516,0.11173610381332785,0.13886479544680802,0.1887460907612133,0.23491651545670353,0.2531373775731533,-0.22072943357467992,-0.482096812292259,-0.5288116792155411,-0.520348526525045,-0.5447451041782764,-0.5014978716067543,-0.22046607212737235,-0.1701857953251953,-0.16673691450300335,-0.24391048063511075,-0.04721725510086294,-0.25327443557640356,0
0.8672029328499838,0.8101607396241002,0.18582825781919723,-1.0572950302584874,-1.0290471701105863,0.01486052289860516,-0.7235699301761651,-0.6966634563390405,-0.6665987314195115,-0.6475647597375246,-0.6164516900089603,-0.613397919908044,-0.6796869445805088,-0.6099817374937714,-0.6456365180905626,-0.6289116284282179,-0.6240271466060436,-0.2694909945047994,-0.05213273192079217,-0.19865663942911943,-0.17554542704536522,-0.2022762998713988,0.12895739311431678,0
0.4047591454224674,0.8101607396241002,0.18582825781919723,-1.0572950302584874,-0.3781291351452691,-1.7648428182517135,-1.5588759641656582,-1.5321917081248893,-1.5219435536002364,-1.5300460349317528,-0.6164516900089603,1.7993526029859912,1.729190095900987,1.8566853435180937,2.1378398463847432,2.374140745698974,2.165868900167552,0.03498275370870395,0.019740750798947368,0.15427782799238487,0.2198356578611557,10.812937589313174,0.04424199443760968,1
1.098424826563742,-1.234322957273864,0.18582825781919723,-1.0572950302584874,0.8152205956244792,-0.8749911476765541,-0.7235699301761651,-0.6966634563390405,-0.6665987314195115,-0.6475647597375246,-0.6164516900089603,-0.628513089904898,-0.6531739260476263,-0.6482235201467944,-0.641346259322314,-0.6218881565003842,-0.6390557475549765,-0.1794710939324549,-0.1675816836324511,-0.182185606993935,-0.14816110585955677,-0.26072616351854466,-0.12170118358117252,0
-0.5972023940038184,-1.234322957273864,0.18582825781919723,0.858557283570615,-0.5951018134670415,0.01486052289860516,0.11173610381332785,0.13886479544680802,-1.5219435536002364,-1.5300460349317528,-1.486040757591074,-0.05834660549527081,-0.1289692580861449,-0.6779286756012541,-0.6724972686395966,-0.6630585317588568,-0.6527242181386989,-0.10043953803091296,-0.2569895184166682,-0.296801274077391,-0.3080625617347319,-0.3141361173103375,4.488031546006341,0
-0.2118325711475546,0.8101607396241002,0.18582825781919723,-1.0572950302584874,-0.5951018134670415,0.01486052289860516,0.11173610381332785,1.809921299018505,3.610125379484112,2.882360341039388,1.9923155127373806,0.7479451805633223,0.8691679102106101,1.090133713030895,1.1970296228721644,1.2793508907933917,1.4120376349156545,0.04754086190390694,0.39403840476937846,-0.23432494415082925,-0.3080625617347319,0.14403750590357176,-0.2933820579246719,1
2.562830153417544,-1.234322957273864,-1.0794572016850958,-1.0572950302584874,0.5982479173027069,0.01486052289860516,0.11173610381332785,0.13886479544680802,0.1887460907612133,0.23491651545670353,0.2531373775731533,6.1642823322661515,6.346375369467636,6.385784251728778,4.870377160195011,4.0970790068154255,3.9581177199255553,0.8230040429576918,0.5543648813193288,0.40015058458519015,0.3110528955640001,0.3024346727860947,0.20264741453960652,0
-0.9054982522888293,-1.234322957273864,0.18582825781919723,-1.0572950302584874,-0.4866154743061553,0.01486052289860516,0.11173610381332785,0.13886479544680802,0.1887460907612133,0.23491651545670353,0.2531373775731533,0.0012992405300503186,0.04264176913199369,0.04681943757406154,-0.16727266543085578,-0.20748686434618666,-0.21714666661319992,-0.04006401786166779,-0.15716523686147435,-0.23432494415082925,-0.24422964521769594,-0.24868274256549333,-0.2090041707964776,1
-0.9054982522888293,-1.234322957273864,0.18582825781919723,0.858557283570615,0.48976157814182064,0.01486052289860516,0.11173610381332785,0.13886479544680802,0.1887460907612133,0.23491651545670353,0.2531373775731533,-0.03927949078225832,-0.00022586178683231458,0.03952292851583015,-0.37452636165207726,-0.34264346582396077,-0.3241267969435374,-0.20307792231862973,-0.161505423016048,-0.2400046105077894,-0.24422964521769594,-0.26177341751446215,-0.2540057105981812,1
-0.982572216860082,0.8101607396241002,0.18582825781919723,-1.0572950302584874,-1.354506187593245,1.7945638640489239,2.617654205781807,1.809921299018505,1.899435735122663,1.9998790658451597,0.2531373775731533,-0.2641600837543195,-0.2556613026600728,-0.19964683282769924,-0.1513396392081938,-0.1226624036158859,-0.08269526125218722,-0.34194161870789364,-0.12678393377945885,-0.2286452777938691,-0.3080625617347319,-0.20672712935404822,-0.21676693641227146,0
-1.1367201460025875,-1.234322957273864,1.4511137173234903,0.858557283570615,1.4661386305897965,0.9047121934737644,1.782348171792314,1.809921299018505,-0.6665987314195115,0.23491651545670353,0.2531373775731533,-0.43107882088938826,-0.42745498448389635,-0.7319170746408161,-0.40661003591897904,-0.3793234246039822,-0.6527242181386989,-0.34194161870789364,-0.2569895184166682,0.9072879935981628,-0.2860402055363545,-0.3141361173103375,-0.2933820579246719,1
2.562830153417544,0.8101607396241002,1.4511137173234903,0.858557283570615,1.9000839872333415,-1.7648428182517135,-1.5588759641656582,-1.5321917081248893,-1.5219435536002364,-1.5300460349317528,-1.486040757591074,-0.695641827815454,-0.6909834294244078,-0.6779286756012541,-0.6724972686395966,-0.6630585317588568,-0.6334137252992877,-0.34194161870789364,-0.2569895184166682,-0.296801274077391,-0.3080625617347319,-0.2388647363537667,-0.2933820579246719,1
0.25061121627996186,0.8101607396241002,1.4511137173234903,0.858557283570615,-0.7035881526279277,-0.8749911476765541,-0.7235699301761651,-0.6966634563390405,-0.6665987314195115,-0.6475647597375246,-0.6164516900089603,-0.6912145632880736,-0.686403013928001,-0.6732277626506941,-0.6674297890799987,-0.6576963494439299,-0.6472501132120484,-0.32225919913271966,-0.2428405115527581,-0.2782855617537009,-0.2872530309501782,-0.29279831714351834,-0.2750439304554777,0
-0.2118325711475546,-1.234322957273864,-1.0794572016850958,0.858557283570615,0.9237069347853655,0.01486052289860516,0.11173610381332785,0.13886479544680802,0.1887460907612133,1.9998790658451597,0.2531373775731533,0.29252089858264285,0.3636923645089764,0.43085230168239835,0.5636257667540865,0.6466133776320171,0.7056430151170928,-0.10617521244699124,-0.082297025695079,-0.017134502660672745,-0.15607638750766925,-0.12261954280692344,-0.11855107579505327,0
2.17746033056128,-1.234322957273864,0.18582825781919723,-1.0572950302584874,0.5982479173027069,-1.7648428182517135,-1.5588759641656582,-1.5321917081248893,-1.5219435536002364,-1.5300460349317528,-1.486040757591074,-0.681137783290171,-0.6729849255872999,-0.6648497552142663,-0.6587870938801937,-0.6471364689341658,-0.631852094139231,-0.2642383242500751,-0.21745042254850228,-0.24647943015472398,-0.24601696688017294,-0.23238485225402714,-0.21372933247565648,0
-0.9054982522888293,-1.234322957273864,0.18582825781919723,-1.0572950302584874,0.5982479173027069,0.01486052289860516,0.11173610381332785,0.13886479544680802,0.1887460907612133,0.23491651545670353,0.2531373775731533,-0.04340798285687071,-0.006379916962986294,-0.25109731567309374,-0.35927728972580275,-0.34672267200218737,-0.36486354096824286,-0.16081505820015812,-0.18754653994348985,-0.1829807602839094,-0.18039672870065995,-0.24868274256549333,-0.06837435891615369,1
-1.1367201460025875,-1.234322957273864,0.18582825781919723,0.858557283570615,-1.0290471701105863,0.9047121934737644,4.288266273760793,3.480977802590202,2.7547805573033877,1.9998790658451597,0.2531373775731533,-0.5158079723811866,-0.5116728080589351,-0.5009090210580752,-0.4892286060394165,-0.4745597301359662,-0.4161287015236534,-0.34194161870789364,-0.2569895184166682,-0.296801274077391,-0.3080625617347319,-0.11777599307580497,-0.012122434164024136,1
-1.0596461814313347,-1.234322957273864,1.4511137173234903,0.858557283570615,0.5982479173027069,0.9047121934737644,-1.5588759641656582,-1.5321917081248893,-1.5219435536002364,-1.5300460349317528,-1.486040757591074,-0.695641827815454,-0.6909834294244078,-0.6779286756012541,-0.6724972686395966,-0.6630585317588568,-0.6527242181386989,-0.34194161870789364,-0.2569895184166682,-0.296801274077391,-0.3080625617347319,-0.3141361173103375,-0.2933820579246719,0
-0.6742763585750711,0.8101607396241002,0.18582825781919723,-1.0572950302584874,-0.052670117662610455,0.01486052289860516,0.11173610381332785,0.13886479544680802,0.1887460907612133,0.23491651545670353,0.2531373775731533,-0.5646301072766852,-0.5450002484192941,-0.5219621894869642,-0.5210013919897785,-0.501896990894888,-0.4780734042059034,-0.26912874138378395,-0.20790201300844025,-0.2785127484079793,-0.2767844326413843,-0.22237048591806596,-0.2820754210494939,0
-0.6742763585750711,-1.234322957273864,0.18582825781919723,0.858557283570615,-1.2460198484323588,0.9047121934737644,-1.5588759641656582,-1.5321917081248893,-0.6665987314195115,1.9998790658451597,1.9923155127373806,-0.7154830347924563,-0.711510997032538,-0.6989530040733913,-0.40901942037216205,-0.3920709439109404,-0.3289124408211306,-0.34194161870789364,-0.25685931283203095,0.7794955005665593,-0.3080625617347319,0.07131880656204988,-0.2933820579246719,1
0.25061121627996186,-1.234322957273864,1.4511137173234903,-1.0572950302584874,0.05581622149827576,0.01486052289860516,0.11173610381332785,0.13886479544680802,1.899435735122663,1.9998790658451597,1.9923155127373806,-0.34975839147235205,-0.3163588331646052,-0.26682951208125666,-0.24687561888085766,-0.18516636925000318,-0.18168252672029886,-0.22119057836940328,-0.12678393377945885,-0.296801274077391,-0.14848027044214196,-0.3141361173103375,-0.2090041707964776,1
2.562830153417544,0.8101607396241002,-1.0794572016850958,-1.0572950302584874,1.0321932739462516,-0.8749911476765541,-0.7235699301761651,-0.6966634563390405,-0.6665987314195115,-0.6475647597375246,-0.6164516900089603,-0.19378559056142008,-1.0380833816429191,-0.3462835929327487,-0.3874282267884767,-0.7268125767056564,-0.39100826909951514,-0.34194161870789364,3.3453649898794566,-0.296801274077391,-0.3080625617347319,0.9949313775865462,0.7191525876136602,0
-0.13475860657630187,-1.234322957273864,1.4511137173234903,-1.0572950302584874,1.7915976480724551,0.01486052289860516,0.11173610381332785,0.13886479544680802,0.1887460907612133,0.23491651545670353,0.2531373775731533,0.5104754028769003,0.5826671360166471,0.6559049041958713,0.7943359864582318,0.94212554778532,1.0251225253454714,-0.187138784993949,-0.14345024861302164,-0.1464605056086556,-0.05273089566658798,-0.10743435986611959,-0.16878404459870494,1
-1.0596461814313347,0.8101607396241002,0.18582825781919723,-1.0572950302584874,-0.3781291351452691,0.9047121934737644,2.617654205781807,1.809921299018505,0.1887460907612133,0.23491651545670353,1.9923155127373806,-0.3180070280827344,-0.3105279361369708,-0.2977747856760483,-0.24690670771251164,-0.18682765886290997,-0.17661142338334046,-0.34194161870789364,-0.2569895184166682,-0.1969527395220314,-0.159204200417004,-0.3141361173103375,-0.21462936327169055,1
1.1754987911349948,0.8101607396241002,0.18582825781919723,0.858557283570615,-0.2696427959843829,-0.8749911476765541,-0.7235699301761651,-0.6966634563390405,0.1887460907612133,0.23491651545670353,-0.6164516900089603,-0.59454809425159,-0.6101236405231153,-0.1745416504751679,-0.418921213253953,-0.5104337167275478,-0.5549291657067595,0.007210014430851171,1.265070364130763,-0.05024695752175048,-0.3051262475749483,0.06870067157225611,2.427298534636826,0
-0.9054982522888293,0.8101607396241002,0.18582825781919723,-1.0572950302584874,1.0321932739462516,0.01486052289860516,0.11173610381332785,1.809921299018505,1.899435735122663,1.9998790658451597,1.9923155127373806,-0.06756780983297414,0.02408125112354756,0.02654494797747392,0.11872904136988333,0.15960879487018956,0.15628468143520294,0.005217622265266081,-0.2569895184166682,-0.08097395251290494,-0.18741834951753392,-0.3141361173103375,-0.18931599713323224,1
-0.3659805002900601,0.8101607396241002,0.18582825781919723,-1.0572950302584874,0.27278889982004817,0.01486052289860516,0.11173610381332785,0.13886479544680802,0.1887460907612133,0.23491651545670353,1.9923155127373806,-0.0068219379588253725,-0.326137879745891,-0.30374465672369216,-0.27426487956800927,-0.5897644078468497,-0.6071514550376886,-0.24129562658576192,-0.1716180567562046,-0.20308677918754836,-0.27614610347621393,-0.3141361173103375,-0.2090041707964776,0
-0.05768464200504911,0.8101607396241002,0.18582825781919723,-1.0572950302584874,1.5746249697506827,-0.8749911476765541,-0.7235699301761651,-0.6966634563390405,-0.6665987314195115,-0.6475647597375246,-0.6164516900089603,-0.6785167340454336,-0.6592155783895125,-0.6578849056586817,-0.6664349464670716,-0.6566436510753553,-0.6527242181386989,-0.2054325676052303,-0.19666093086809452,-0.2746505752852464,-0.2831677242930879,-0.3141361173103375,-0.24950555661801085,1
0.8672029328499838,-1.234322957273864,-1.0794572016850958,0.858557283570615,-0.2696427959843829,0.01486052289860516,0.11173610381332785,0.13886479544680802,0.1887460907612133,0.23491651545670353,0.2531373775731533,3.1286998898791114,3.2893695362445716,3.378800580970016,2.2698585700033465,2.3864441578816895,2.4439064135892643,0.26181358298455804,0.17958980687189466,-0.001401826851893104,0.0245707662355426,0.045857443786305484,0.01600352821204064,0
0.5589070745649728,0.8101607396241002,0.18582825781919723,-1.0572950302584874,1.140679613107138,0.01486052289860516,0.11173610381332785,0.13886479544680802,0.1887460907612133,-1.5300460349317528,-1.486040757591074,1.7111196654571863,1.6961296122720135,1.716710613422734,-0.6724972686395966,-0.6630585317588568,-0.6527242181386989,0.08388692504579252,0.025990618861533414,-0.296801274077391,-0.3080625617347319,-0.3141361173103375,-0.2933820579246719,1
0.7901289682787311,0.8101607396241002,0.18582825781919723,-1.0572950302584874,-1.1375335092714727,0.01486052289860516,0.11173610381332785,0.13886479544680802,0.1887460907612133,0.23491651545670353,0.2531373775731533,1.8107874395873846,1.8182974427666685,1.7767121434450674,1.763608035350024,1.8324287445952847,1.925125825525259,0.023994409037901326,0.006937201642955117,-0.00872859645237171,0.01167651709910133,0.029755913599073817,-0.06449297610825676,0
-0.6742763585750711,0.8101607396241002,1.4511137173234903,0.858557283570615,-1.354506187593245,0.01486052289860516,0.11173610381332785,0.13886479544680802,0.1887460907612133,0.23491651545670353,0.2531373775731533,0.21302026501428448,0.2569237223089899,0.26614730867228187,0.2164412392583254,-0.18510057560196727,-0.20287369364493957,-0.1939612187730737,-0.12604610213318132,-0.2083688688995213,-0.21231318695917795,-0.24868274256549333,-0.2236859231567834,0
1.098424826563742,0.8101607396241002,0.18582825781919723,-1.0572950302584874,0.706734256463593,0.01486052289860516,-0.7235699301761651,-0.6966634563390405,1.899435735122663,-0.6475647597375246,-0.6164516900089603,-0.401052189386204,-0.4142336011031637,-0.4290831087674614,-0.549696383606397,-0.3807873332727813,-0.4078167937362547,0.8472750020657284,-0.15846729270784646,-0.2965740874231126,0.7873741186141227,0.14600110714591708,-0.2933820579246719,0
-0.05768464200504911,0.8101607396241002,0.18582825781919723,-1.0572950302584874,-0.052670117662610455,0.01486052289860516,0.11173610381332785,0.13886479544680802,0.1887460907612133,0.23491651545670353,0.2531373775731533,0.6150865030438057,1.2681839215064932,1.3612869864122845,1.0762028786489923,1.3027076358461407,1.35830408962338,2.7033392431086636,0.0034216508577504657,-0.012817956229383025,0.2664336869185919,-0.05232261833096079,-0.06837435891615369,0
-0.3659805002900601,-1.234322957273864,1.4511137173234903,-1.0572950302584874,0.27278889982004817,1.7945638640489239,1.782348171792314,1.809921299018505,1.899435735122663,1.9998790658451597,1.9923155127373806,0.35641746177689054,0.413964532135184,0.47216553972949904,0.5843153842198066,0.6974718675637778,0.7712986907710905,-0.16081505820015812,-0.12678393377945885,-0.1264112833685862,-0.09741393722851317,-0.07850396822889846,-0.14150186109392213,1
-1.0596461814313347,0.8101607396241002,-1.0794572016850958,0.858557283570615,-1.2460198484323588,1.7945638640489239,1.782348171792314,1.809921299018505,0.1887460907612133,0.23491651545670353,0.2531373775731533,-0.2719010063942177,-0.23011775857274877,-0.24400268631212563,-0.20386422028758383,-0.1659546240235166,-0.16662034230555822,-0.19613473749916654,-0.2569895184166682,-0.23744876064715734,-0.249655443121644,-0.24455917995656815,-0.27037502070105096,1
-0.8284242877175766,-1.234322957273864,1.4511137173234903,0.858557283570615,-0.4866154743061553,1.7945638640489239,1.782348171792314,1.809921299018505,1.899435735122663,0.23491651545670353,0.2531373775731533,-0.2658304933766133,-0.2576564529683237,-0.18280429808458803,-0.1519303270096193,-0.077248338059097,-0.014184991004537422,-0.34194161870789364,-0.08338207223372242,-0.296801274077391,-0.11656381218362397,-0.11777599307580497,-0.1808782084204128,1
-1.0596461814313347,-1.234322957273864,0.18582825781919723,0.858557283570615,-1.1375335092714727,0.01486052289860516,0.11173610381332785,0.13886479544680802,0.1887460907612133,-0.6475647597375246,-0.6164516900089603,-0.2916878911070804,-0.46183620141551457,-0.6024400888031488,-0.6239676024277423,-0.4747900079040919,-0.6205848413607573,-0.1910028182847807,-0.19114889445178598,-0.18320794693818782,0.42256900071926196,-0.18885835804870574,0.08344958598984398,1
0.6359810391362256,0.8101607396241002,0.18582825781919723,0.858557283570615,-0.7035881526279277,0.01486052289860516,0.11173610381332785,0.13886479544680802,0.1887460907612133,0.23491651545670353,0.2531373775731533,-0.05806141360853772,-0.0397354580319122,-0.1987960541035181,-0.14815303396366142,-0.13267948652935366,-0.021539770016417475,-0.1910028182847807,0.17702909704069622,-0.1264112833685862,-0.11656381218362397,0.20949088064841595,-0.2933820579246719,0
-0.9054982522888293,0.8101607396241002,0.18582825781919723,0.858557283570615,-1.0290471701105863,0.01486052289860516,0.11173610381332785,0.13886479544680802,0.1887460907612133,0.23491651545670353,0.2531373775731533,-0.5862367878382256,-0.6067234547865188,-0.5971479567391746,-0.5718005429123729,-0.5733653410738985,-0.6147581100431263,-0.25137833845402585,-0.1918867260980635,-0.2393798472085238,-0.24422964521769594,-0.24868274256549333,-0.23713013317254236,1
-0.05768464200504911,-1.234322957273864,-1.0794572016850958,0.858557283570615,-0.5951018134670415,0.9047121934737644,-0.7235699301761651,-0.6966634563390405,-0.6665987314195115,0.23491651545670353,-0.6164516900089603,-0.695641827815454,-0.681850699140161,-0.6779286756012541,-0.6623933983520548,-0.6577127978559388,-0.6472669049449522,-0.30269753059788423,-0.2569895184166682,-0.25988344275715,-0.3080625617347319,-0.2928637705182632,-0.2751001823802298,1
-0.5972023940038184,-1.234322957273864,-1.0794572016850958,0.858557283570615,-0.7035881526279277,-0.8749911476765541,-0.7235699301761651,-0.6966634563390405,0.1887460907612133,-0.6475647597375246,-0.6164516900089603,-0.6937405485705668,-0.6909834294244078,-0.6738910816559878,-0.6703210504238184,-0.6608708929616627,-0.6106441354816865,-0.34194161870789364,-0.23876073656745886,-0.296801274077391,-0.29957278383796615,-0.1496517865765441,-0.24219280640023402,0
-1.2137941105738403,0.8101607396241002,0.18582825781919723,0.858557283570615,-0.2696427959843829,-1.7648428182517135,-0.7235699301761651,0.13886479544680802,0.1887460907612133,1.9998790658451597,1.9923155127373806,-0.6985752300789944,-0.6518672430992648,-0.5954031393556846,-0.538706481616717,-0.5259445692520142,-0.48129741692343986,-0.16081505820015812,-0.12678393377945885,-0.1264112833685862,-0.3080625617347319,-0.18322936782064916,-0.2933820579246719,0
1.3296467202775002,0.8101607396241002,-1.0794572016850958,-1.0572950302584874,-0.052670117662610455,0.9047121934737644,-0.7235699301761651,-0.6966634563390405,-0.6665987314195115,-1.5300460349317528,-0.6164516900089603,-0.6957504723437333,-0.6667887193482956,-0.6536454320161521,-0.6727304348770013,-0.6633052579389914,-0.6020803517007303,-0.23749196881509949,-0.18355356868128211,-0.296801274077391,-0.3080625617347319,-0.1157469384587148,-0.2933820579246719,1
0.5589070745649728,-1.234322957273864,0.18582825781919723,0.858557283570615,0.8152205956244792,-0.8749911476765541,-0.7235699301761651,-0.6966634563390405,-0.6665987314195115,-0.6475647597375246,-0.6164516900089603,-0.6916898830992955,-0.686894776327922,-0.6737324618938524,-0.6679738436339433,-0.6582720438642441,-0.6478378238636826,-0.32437234233864326,-0.24435957670685887,-0.28027344497863693,-0.2894871830282744,-0.2950891852595879,-0.27701274782180224,1
-0.6742763585750711,0.8101607396241002,1.4511137173234903,-1.0572950302584874,1.140679613107138,1.7945638640489239,0.11173610381332785,0.13886479544680802,0.1887460907612133,0.23491651545670353,1.9923155127373806,0.35671623422965854,0.4359111855259432,0.4706226020432722,0.5918544258958953,0.6764672454283125,0.7067176860229383,-0.04006401786166779,-0.08338207223372242,-0.06944422980827582,0.5217653529867359,-0.08406750508221021,-0.2933820579246719,1
-0.9054982522888293,-1.234322957273864,0.18582825781919723,-1.0572950302584874,-0.052670117662610455,-0.8749911476765541,1.782348171792314,0.13886479544680802,0.1887460907612133,0.23491651545670353,0.2531373775731533,-0.4836627725765566,-0.4846399264175646,-0.44964599793156806,-0.41004535181674323,-0.36583572675662007,-0.3300206951927837,-0.34194161870789364,-0.16584560917062163,-0.18320794693818782,-0.18039672870065995,-0.18322936782064916,-0.1808782084204128,1
-0.3659805002900601,-1.234322957273864,-1.0794572016850958,-1.0572950302584874,-0.16115645682349666,-0.8749911476765541,1.782348171792314,-0.6966634563390405,0.1887460907612133,0.23491651545670353,0.2531373775731533,-0.6809476553656822,-0.6821036055172633,-0.6584617047937198,-0.658507294395308,-0.6556567463548165,-0.6527242181386989,-0.34194161870789364,-0.19839700532992396,-0.296801274077391,-0.3080625617347319,-0.3141361173103375,-0.2680686917862136,0
1.098424826563742,0.8101607396241002,0.18582825781919723,0.858557283570615,-0.9205608309497002,0.01486052289860516,0.11173610381332785,0.13886479544680802,0.1887460907612133,0.23491651545670353,0.2531373775731533,-0.08677073020633573,-0.1908329679962042,-0.18532779430037952,-0.07109936470928542,-0.12503097494517876,-0.2439630640606256,-0.2202849455668646,-0.1701857953251953,-0.01088686966801657,-0.2413571639744293,-0.2633442985083384,-0.27150005919609355,0
1.9462384368475223,-1.234322957273864,0.18582825781919723,-1.0572950302584874,-0.16115645682349666,0.01486052289860516,0.11173610381332785,0.13886479544680802,0.1887460907612133,0.23491651545670353,0.2531373775731533,2.373661160036266,2.490930053378585,2.2821468055005387,2.537751032365645,2.787407097424552,2.6196990653595202,0.26181358298455804,0.15966835242240165,0.08373637183893969,0.13876785388451998,0.1467865476428552,0.10668163091247349,1
-0.6742763585750711,0.8101607396241002,1.4511137173234903,0.858557283570615,-1.0290471701105863,0.9047121934737644,-1.5588759641656582,-1.5321917081248893,-1.5219435536002364,-1.5300460349317528,-1.486040757591074,-0.695641827815454,-0.6909834294244078,-0.6779286756012541,-0.6724972686395966,-0.6630585317588568,-0.6527242181386989,-0.34194161870789364,-0.2569895184166682,-0.296801274077391,-0.3080625617347319,-0.3141361173103375,-0.2933820579246719,1
-0.6742763585750711,-1.234322957273864,0.18582825781919723,0.858557283570615,-1.354506187593245,1.7945638640489239,1.782348171792314,0.13886479544680802,0.1887460907612133,0.23491651545670353,0.2531373775731533,0.27574889952952997,0.2899701555836798,0.34183777516765057,-0.06178825962892004,0.0031021546047616646,0.046953708498328486,-0.34194161870789364,-0.1645001514627038,-0.18320794693818782,-0.18039672870065995,-0.18322936782064916,-0.12462628366828325,0
-0.9054982522888293,0.8101607396241002,0.18582825781919723,-1.0572950302584874,-1.0290471701105863,-0.8749911476765541,-0.7235699301761651,-0.6966634563390405,-0.6665987314195115,-0.6475647597375246,-1.486040757591074,-0.6698115912170568,-0.6799960523747448,-0.6779286756012541,-0.5994540586685833,-0.6630585317588568,-0.6527242181386989,-0.2947279619355439,-0.2569895184166682,-0.029913751963833106,-0.3080625617347319,-0.3141361173103375,-0.2933820579246719,0
-0.8284242877175766,-1.234322957273864,-1.0794572016850958,-1.0572950302584874,-0.2696427959843829,-0.8749911476765541,-0.7235699301761651,-0.6966634563390405,-0.6665987314195115,-0.6475647597375246,-0.6164516900089603,-0.5828144851974285,-0.5846924992700588,-0.5571901966594134,-0.5549037629084378,-0.5386262949109364,-0.5256947587211815,0.11479919137244605,0.10641426830578303,0.13286548582664506,0.1748334517166453,0.18101866263440872,0.1321637528251882,0
-0.05768464200504911,-1.234322957273864,-1.0794572016850958,-1.0572950302584874,1.3576522914289104,0.9047121934737644,-1.5588759641656582,-1.5321917081248893,-1.5219435536002364,-1.5300460349317528,-1.486040757591074,-0.695641827815454,-0.6909834294244078,-0.6779286756012541,-0.6724972686395966,-0.6630585317588568,-0.6527242181386989,-0.34194161870789364,-0.2569895184166682,-0.296801274077391,-0.3080625617347319,-0.3141361173103375,-0.2933820579246719,0
-0.9054982522888293,-1.234322957273864,-1.0794572016850958,-1.0572950302584874,1.4661386305897965,0.9047121934737644,1.782348171792314,0.13886479544680802,0.1887460907612133,0.23491651545670353,0.2531373775731533,-0.3258294341188421,-0.31864904091280866,-0.2809034109761852,-0.22840885287839677,-0.18768297628737685,-0.13058528349392673,-0.34194161870789364,-0.1804286346499891,-0.10369261794074558,-0.23784635356599235,-0.140030140489052,-0.2933820579246719,1
-0.7513503231463238,-1.234322957273864,0.18582825781919723,0.858557283570615,0.48976157814182064,1.7945638640489239,1.782348171792314,1.809921299018505,0.1887460907612133,0.23491651545670353,0.2531373775731533,0.24364444142300468,0.30572060273543455,0.3206259869766261,0.40575667961520356,0.14288075985705867,-0.18485616423912382,-0.13062729811553553,-0.2569895184166682,-0.17701711060910125,-0.21231318695917795,-0.06744234789701979,-0.2933820579246719,1
-0.28890653571880737,0.8101607396241002,-1.0794572016850958,0.858557283570615,-1.0290471701105863,-1.7648428182517135,-1.5588759641656582,-1.5321917081248893,-1.5219435536002364,-1.5300460349317528,-0.6164516900089603,-0.695641827815454,-0.6909834294244078,-0.6779286756012541,-0.6662484134771477,-0.6630585317588568,-0.6182339987542202,-0.34194161870789364,-0.2569895184166682,-0.27396901532241114,-0.3080625617347319,-0.17969488558442756,-0.2933820579246719,0
-0.7513503231463238,0.8101607396241002,-1.0794572016850958,0.858557283570615,-1.354506187593245,1.7945638640489239,1.782348171792314,0.13886479544680802,0.1887460907612133,0.23491651545670353,0.2531373775731533,0.29021220235670825,0.30417506376425435,0.39305753835902985,0.42287108144071656,0.17087595709633963,0.17559517427461405,-0.34194161870789364,0.06691857429916287,-0.17184861422426748,-0.12677707882634973,-0.19756365688977004,-0.19145357027381316,1
-0.3659805002900601,-1.234322957273864,0.18582825781919723,0.858557283570615,-0.3781291351452691,0.01486052289860516,0.11173610381332785,0.13886479544680802,0.1887460907612133,0.23491651545670353,0.2531373775731533,0.8477895020519746,0.7926215800743387,0.8423408046185465,0.5173189520054914,1.7069767062028078,0.5917950660290865,-0.1004999135510822,0.0045066973963938765,-0.1224923135822837,-0.11649997926710692,0.07858413115872757,-0.11832606809604473,0
0.019389322566203633,-1.234322957273864,0.18582825781919723,-1.0572950302584874,0.27278889982004817,-0.8749911476765541,0.11173610381332785,-0.6966634563390405,-0.6665987314195115,-0.6475647597375246,0.2531373775731533,-0.4718340995601507,-0.38510721667355824,-0.5119979844291818,-0.6613830113233007,-0.6090748435453902,-0.6407181291124563,0.5677363436821232,0.2452568233905939,-0.11039462424195856,-0.09856292972581981,-0.3141361173103375,-0.11776354884852344,1
-1.1367201460025875,-1.234322957273864,0.18582825781919723,-1.0572950302584874,-0.16115645682349666,0.01486052289860516,0.11173610381332785,0.13886479544680802,0.1887460907612133,0.23491651545670353,1.9923155127373806,-0.5644263987861615,-0.5410239981570758,-0.5049177750465896,-0.47026441873049196,-0.43689286663540605,-0.42789970628924223,-0.2706985049081843,-0.19166971679033482,-0.21064073544230538,-0.2278245856728177,-0.3141361173103375,-0.24275532564775532,1
1.4837946494200058,-1.234322957273864,1.4511137173234903,-1.0572950302584874,0.5982479173027069,-0.8749911476765541,-0.7235699301761651,-0.6966634563390405,-0.6665987314195115,-0.6475647597375246,-0.6164516900089603,-0.6888787059300693,-0.6839863529912464,-0.6707475263700304,-0.6647561495577569,-0.6548672225783856,-0.6443619351525887,-0.3118746096636095,-0.23537539136689142,-0.2685165356197294,-0.276273769309248,-0.28154033668740513,-0.2653685993981114,1
0.25061121627996186,0.8101607396241002,0.18582825781919723,-1.0572950302584874,-0.16115645682349666,0.9047121934737644,-0.7235699301761651,-0.6966634563390405,-0.6665987314195115,0.23491651545670353,0.2531373775731533,-0.6616904127281811,-0.553093252486565,-0.6779286756012541,-0.6044282717332192,-0.6351126797556027,-0.6527242181386989,0.25058373623307845,-0.2569895184166682,-0.04808868430610561,-0.3080625617347319,-0.3141361173103375,-0.2933820579246719,1
-0.6742763585750711,0.8101607396241002,1.4511137173234903,-1.0572950302584874,-1.1375335092714727,0.01486052289860516,-0.7235699301761651,-0.6966634563390405,-0.6665987314195115,-0.6475647597375246,-0.6164516900089603,-0.6477703325423991,-0.6698516965820892,-0.6779286756012541,-0.6362476909310623,-0.5920013918800708,-0.6527242181386989,-0.2420805083479621,-0.2569895184166682,-0.16435145463308007,-0.032304362381136466,-0.3141361173103375,-0.2933820579246719,1
1.098424826563742,0.8101607396241002,0.18582825781919723,0.858557283570615,-1.0290471701105863,0.01486052289860516,0.11173610381332785,0.13886479544680802,0.1887460907612133,0.23491651545670353,0.2531373775731533,0.4956046830686747,0.6256331194154573,0.5280429559363106,0.588667820651363,0.5787801265069908,0.582139819609381,0.2108566439617151,-0.1362455395964294,-0.0688762631725798,-0.1364796821369392,-0.1406192208617556,-0.14420195348202433,0
-0.3659805002900601,0.8101607396241002,0.18582825781919723,-1.0572950302584874,1.5746249697506827,0.01486052289860516,0.11173610381332785,0.13886479544680802,0.1887460907612133,0.23491651545670353,0.2531373775731533,0.9135466027930048,0.9899588059854861,0.7961968738155022,0.5020077024159089,0.11883318149993251,0.09868903757504638,0.02882445065144094,-0.06280958986104335,-0.1464605056086556,-0.22080296485594372,-0.2276067558976535,-0.2090041707964776,0
0.019389322566203633,0.8101607396241002,-1.0794572016850958,0.858557283570615,-0.052670117662610455,-0.8749911476765541,-0.7235699301761651,-0.6966634563390405,-0.6665987314195115,-0.6475647597375246,0.2531373775731533,-0.6834600600821404,-0.6788860743863517,-0.6238681766698125,-0.6493827223048665,-0.6311650608734479,-0.6428506791912435,-0.28995829584217353,-0.09375511714315342,-0.2118902620408366,-0.18429053660819913,-0.3141361173103375,0.3036196194696791,0
-0.6742763585750711,0.8101607396241002,-1.0794572016850958,0.858557283570615,-0.9205608309497002,-0.8749911476765541,-0.7235699301761651,1.809921299018505,-0.6665987314195115,-0.6475647597375246,-0.6164516900089603,-0.6822242285729637,-0.509424751373582,-0.5011253207337145,-0.635299481565616,-0.6563640280712026,-0.6042296935124213,0.440585498205693,-0.2569895184166682,-0.16031889151963835,-0.28208256471229826,-0.1062561991207124,0.11928206205695051,1
-0.7513503231463238,-1.234322957273864,-1.0794572016850958,0.858557283570615,-0.4866154743061553,0.01486052289860516,0.11173610381332785,0.13886479544680802,0.1887460907612133,0.23491651545670353,0.2531373775731533,-0.04549939002624673,0.04581714920005488,0.1290277342953603,0.31210157425760515,0.401055034749981,0.4875184046962666,0.020311502307577372,-0.039980210687985976,0.2711653616186249,-0.11656381218362397,0.013130756413883395,-0.12462628366828325,0
-0.13475860657630187,0.8101607396241002,3.981684636332077,-1.0572950302584874,-0.812074491788814,0.01486052289860516,0.11173610381332785,0.13886479544680802,0.1887460907612133,0.23491651545670353,0.2531373775731533,1.3700301689244072,1.2405468746309343,1.032035620154187,0.8056834100119324,0.17579403228702412,-0.058582332802279105,0.03842415835835092,-0.06168114146085419,-0.15344649522771658,-0.18039672870065995,-0.18322936782064916,4.881795019271248,0
-0.9054982522888293,0.8101607396241002,-1.0794572016850958,-1.0572950302584874,0.27278889982004817,0.01486052289860516,0.11173610381332785,0.13886479544680802,1.899435735122663,0.23491651545670353,0.2531373775731533,-0.5546891329391316,-0.5336194614496942,-0.46785843062039467,-0.45475109173515865,-0.4191779269017365,-0.32869414829338073,-0.28156609853864845,-0.10247889131384645,-0.296801274077391,-0.24422964521769594,-0.009385204498343003,-0.25333068750115567,1
-0.8284242877175766,0.8101607396241002,0.18582825781919723,-1.0572950302584874,0.16430256065916196,0.01486052289860516,0.11173610381332785,0.13886479544680802,0.1887460907612133,0.23491651545670353,0.2531373775731533,0.11188578975231579,0.16420543439245996,0.10085109654875131,0.13719580737234421,-0.17952456393092364,-0.16391687330804067,-0.16081505820015812,-0.14544673424412552,-0.17173502089712828,-0.23146306191428873,-0.24213740509100892,-0.2315049406973294,1
-0.5972023940038184,-1.234322957273864,0.18582825781919723,-1.0572950302584874,-0.5951018134670415,0.9047121934737644,1.782348171792314,0.13886479544680802,0.1887460907612133,0.23491651545670353,1.9923155127373806,-0.08083602284908041,-0.06929740344430484,-0.024891114889544607,0.047706605456378406,0.15467427126749608,0.1665108467736389,-0.34194161870789364,-0.1677986929401798,-0.17752828058122766,-0.02234642740447885,-0.3141361173103375,-0.07962474386657961,0
-1.0596461814313347,0.8101607396241002,1.4511137173234903,0.858557283570615,-0.812074491788814,1.7945638640489239,0.11173610381332785,0.13886479544680802,-0.6665987314195115,-0.6475647597375246,0.2531373775731533,-0.6692140463115207,-0.6702872575648763,-0.6779286756012541,-0.6700567953547596,-0.2556807115324929,-0.23308202113894005,-0.28156609853864845,-0.2569895184166682,-0.11732381719744996,1.2877603511911677,-0.24868274256549333,-0.1808782084204128,0
1.7920905077050169,0.8101607396241002,-1.0794572016850958,0.858557283570615,0.16430256065916196,0.9047121934737644,-0.7235699301761651,-0.6966634563390405,-0.6665987314195115,-0.6475647597375246,-0.6164516900089603,-0.6017457942500919,0.32870698234316953,-0.06975166761712931,0.5013082037036944,0.27621158760183623,0.24633874499847397,4.067644872373096,1.5826417850609165,4.012077607630434,3.3546063550962755,3.2064045500905967,0.4847508171715363,0
1.2525727557062476,-1.234322957273864,-1.0794572016850958,0.858557283570615,-0.3781291351452691,0.01486052289860516,0.11173610381332785,0.13886479544680802,0.1887460907612133,0.23491651545670353,0.2531373775731533,1.5133323017247688,1.434905425433989,1.316022674290173,1.526306983335236,1.1895754580483886,1.3831390625881532,-0.00987625777704521,-0.052002526336154965,0.015580375555417773,-0.05273089566658798,0.38621499245949525,-0.04024839654008892,0
0.8672029328499838,0.8101607396241002,0.18582825781919723,-1.0572950302584874,1.5746249697506827,1.7945638640489239,1.782348171792314,1.809921299018505,1.899435735122663,0.23491651545670353,0.2531373775731533,0.7485291449028234,0.8364446350844398,0.9300431131010828,1.0102323778792581,1.1308875240003542,1.2186640387950822,-0.003838705760120694,0.0034216508577504657,-0.296801274077391,-0.04634760401488438,-0.032686605907507535,-0.051498781490514824,1
-0.7513503231463238,0.8101607396241002,-1.0794572016850958,0.858557283570615,-1.1375335092714727,0.01486052289860516,0.11173610381332785,0.13886479544680802,0.1887460907612133,1.9998790658451597,1.9923155127373806,-0.20849334357722674,-0.16867555929119318,-0.13135381523919357,-0.04060122085673637,-0.010105920238447856,0.05677687224707239,-0.22710737934598932,-0.1861576803740263,-0.1048853478757072,-0.3080625617347319,-0.10468531812683614,-0.2933820579246719,0
-0.9054982522888293,0.8101607396241002,1.4511137173234903,-1.0572950302584874,0.16430256065916196,1.7945638640489239,0.11173610381332785,0.13886479544680802,0.1887460907612133,0.23491651545670353,0.2531373775731533,-0.17242336018850796,-0.1344629466109764,-0.09605370817486461,-0.03233159163677913,0.0314098716722132,0.06822883408748835,-0.22119057836940328,-0.18320635378891623,-0.2116062787229886,-0.19954660365577073,-0.21150522571042182,0.12288218524108681,1
-0.9054982522888293,-1.234322957273864,-1.0794572016850958,0.858557283570615,-0.9205608309497002,1.7945638640489239,1.782348171792314,0.13886479544680802,0.1887460907612133,0.23491651545670353,0.2531373775731533,-0.002462576261619525,-0.004230212757617438,0.012557568952801093,-0.2138437352485097,-0.6026599628618887,-0.5125804153232858,-0.34194161870789364,-0.15482153633800458,-0.21671797844425275,-0.21231318695917795,0.006585418939398977,-0.2540057105981812,1
2.4086822242750383,0.8101607396241002,0.18582825781919723,-1.0572950302584874,-0.052670117662610455,0.01486052289860516,0.11173610381332785,0.13886479544680802,0.1887460907612133,0.23491651545670353,0.2531373775731533,2.3901479672026453,2.7364880951905555,2.854403647350169,3.1886423562890838,3.5081929600699873,2.891254969880352,2.73720990992361,0.17702909704069622,0.15757203447942175,0.21536735370496315,1.1912915018210788,0.15663334009236454,0
-0.5972023940038184,-1.234322957273864,0.18582825781919723,-1.0572950302584874,0.5982479173027069,-0.8749911476765541,-0.7235699301761651,0.13886479544680802,0.1887460907612133,0.23491651545670353,0.2531373775731533,-0.7194078183765451,0.3863134349053415,0.44645471828517774,0.5720508401323136,0.6815498047390868,0.8016245603954179,4.475179633515501,-0.13390183907295963,-0.08909587540335796,-0.11835113384610096,0.09350750060055205,-0.2933820579246719,0
2.948199976273808,-1.234322957273864,-1.0794572016850958,-1.0572950302584874,1.4661386305897965,-0.8749911476765541,-0.7235699301761651,-0.6966634563390405,-0.6665987314195115,-0.6475647597375246,-1.486040757591074,-0.12334319453834616,-0.6696971426849712,-0.6564717477778386,-0.38750594886761164,-0.6649336507278802,-0.6546384756897361,-0.25005007701030246,-0.1921037354057922,0.7497340488560881,-0.3080625617347319,-0.3141361173103375,0.9818490762061052,1
2.562830153417544,-1.234322957273864,0.18582825781919723,-1.0572950302584874,0.706734256463593,0.01486052289860516,0.11173610381332785,-0.6966634563390405,-0.6665987314195115,-0.6475647597375246,-1.486040757591074,-0.6802822076299717,-0.6909834294244078,-0.6756647389962298,-0.6410198265899473,-0.6630749801708657,-0.6527410098716027,-0.34194161870789364,-0.2501754261539875,-0.18156084369466935,-0.3080625617347319,-0.3141361173103375,-0.25687455876053983,0
-0.9054982522888293,0.8101607396241002,1.4511137173234903,0.858557283570615,-1.4629925267541313,0.01486052289860516,0.11173610381332785,0.13886479544680802,0.1887460907612133,0.23491651545670353,0.2531373775731533,-0.061605941343649016,-0.01894093369239647,0.025247149923638298,0.05978461655394753,-0.014744372424979717,0.017601759382423622,-0.22746963246700477,-0.1776075136495162,-0.18752449336947752,-0.22456910693044885,-0.21726512268796813,-0.22751105403992822,1
1.4837946494200058,0.8101607396241002,-1.0794572016850958,-1.0572950302584874,2.334029343876886,-1.7648428182517135,-1.5588759641656582,-1.5321917081248893,-1.5219435536002364,-1.5300460349317528,-1.486040757591074,-0.6956689889475238,-0.6910115301329748,-0.6779575155580061,-0.6725283574712505,-0.6396688898820897,-0.6527242181386989,-0.34194161870789364,-0.2569895184166682,-0.296801274077391,-0.21716448861447268,-0.3141361173103375,0.07923069163343427,0
1.098424826563742,0.8101607396241002,-1.0794572016850958,-1.0572950302584874,-0.2696427959843829,-1.7648428182517135,-1.5588759641656582,-1.5321917081248893,-1.5219435536002364,-1.5300460349317528,-1.486040757591074,-0.6940800627214395,-0.6784224126949977,-0.6779286756012541,-0.6724972686395966,-0.6630585317588568,-0.6527242181386989,-0.2879659036765884,-0.2569895184166682,-0.296801274077391,-0.3080625617347319,-0.3141361173103375,-0.2933820579246719,1
-0.13475860657630187,-1.234322957273864,1.4511137173234903,0.858557283570615,-0.9205608309497002,-0.8749911476765541,-0.7235699301761651,1.809921299018505,0.1887460907612133,0.23491651545670353,0.2531373775731533,0.08369253466384433,0.13139785714058888,0.13743458168853995,0.07601298667732226,0.14765079933966238,-0.03357944250846769,-0.04006401786166779,-0.2386739328443674,-0.18320794693818782,-0.17777957912346148,-0.18067668620560023,-0.2511368624358226,1
-0.13475860657630187,-1.234322957273864,0.18582825781919723,0.858557283570615,-0.2696427959843829,0.01486052289860516,0.11173610381332785,1.809921299018505,1.899435735122663,1.9998790658451597,1.9923155127373806,0.027170218826552312,0.11405971995480346,0.0822060645086462,0.20310413047877032,0.27961640888769473,0.2920626336956187,-0.04006401786166779,-0.2569895184166682,-0.041216288014183824,-0.14848027044214196,-0.3141361173103375,-0.15275224604434803,0
-0.9054982522888293,0.8101607396241002,-1.0794572016850958,0.858557283570615,-1.354506187593245,-0.8749911476765541,-0.7235699301761651,-1.5321917081248893,-1.5219435536002364,-1.5300460349317528,-1.486040757591074,-0.6639719478220458,-0.6909834294244078,-0.6779286756012541,-0.6724972686395966,-0.6630585317588568,-0.6527242181386989,-0.34194161870789364,-0.2569895184166682,-0.296801274077391,-0.3080625617347319,-0.3141361173103375,-0.2933820579246719,0
